nazwa_telefonu,przekatna_ekranu,bateria,RAM(GB),Waga,Pamiec_wewnetrzna,Wideo_4K,Wideo_60FPS,Cena_(USD),Grupy
Y6II Compact,5.0,2200,2,140.0,16,False,False,120.0,6
K20 plus,5.3,2700,2,140.0,16,False,False,100.0,6
P8 Lite (2017),5.2,3000,4,147.0,16,False,False,420.0,1
Redmi Note 4,5.5,4100,4,165.0,32,False,False,150.0,4
P10,5.1,3200,4,145.0,32,True,True,420.0,1
Xperia XA1,5.0,2300,3,143.0,32,False,False,140.0,6
P10 Lite,5.2,3000,4,146.0,32,False,False,420.0,1
P10 Plus,5.5,3750,6,165.0,64,True,True,170.0,4
Xperia XA1 Ultra,6.0,2700,4,188.0,32,False,False,250.0,6
X power2,5.5,4500,2,164.0,16,False,False,170.0,0
Redmi Note 4X,5.5,4100,4,165.0,16,False,False,130.0,4
Xperia XZs,5.2,2900,4,161.0,32,True,True,220.0,1
Xperia XZ Premium,5.46,3230,4,195.0,64,True,True,320.0,1
Xperia L1,5.5,2620,2,180.0,16,False,False,110.0,6
A39,5.2,2900,3,147.0,32,False,False,250.0,1
F3 Plus,6.0,4000,6,185.0,64,True,False,250.0,4
Galaxy Xcover 4,5.0,2800,2,172.0,16,False,False,350.0,6
Galaxy J7 V,5.5,3300,2,167.0,16,False,False,170.0,1
Galaxy S8+,6.2,3500,6,173.0,64,True,True,350.0,1
K7 (2017),5.0,2500,2,143.0,8,False,False,170.0,6
Y5 (2017),5.0,3000,2,150.0,16,False,False,280.0,1
Harmony,5.3,2800,5,141.0,16,False,False,160.0,6
Mi 6,5.15,3350,6,168.0,64,True,False,330.0,1
Y6 (2017),5.0,3000,2,150.0,16,False,False,240.0,1
Y7,5.5,4000,2,165.0,16,False,False,90.0,4
nova 2 plus,5.5,3340,4,169.0,64,False,False,160.0,1
nova 2,5.0,2950,4,143.0,64,False,False,140.0,1
Y3 (2017),5.0,2200,1,175.0,8,False,False,230.0,6
Z4,4.5,2050,1,143.0,8,False,False,240.0,6
Mi Max 2,6.44,5300,4,211.0,32,True,False,200.0,7
Redmi 4 (4X),5.0,4100,4,150.0,16,False,False,110.0,4
Stylo 3 Plus,5.7,3080,2,150.0,32,False,False,90.0,1
F3,5.5,3200,4,153.0,64,False,False,250.0,1
X venture,5.2,4100,2,166.0,32,False,False,180.0,4
A77 (Mediatek),5.5,3200,4,153.0,64,False,False,250.0,1
R11,5.5,3000,6,150.0,64,True,False,250.0,1
R11 Plus,6.0,4000,6,188.0,64,True,False,250.0,4
Galaxy J7 Max,5.7,3300,4,179.0,32,False,False,200.0,1
Galaxy J7 (2017),5.5,3600,3,181.0,16,False,False,130.0,1
Galaxy J7 Pro,5.5,3600,3,181.0,16,False,False,200.0,1
Galaxy J5 (2017),5.2,3000,3,160.0,16,False,False,80.0,1
Y7 Prime,5.5,4000,3,165.0,32,False,False,130.0,4
A77 (2017),5.5,3200,4,148.0,64,False,False,250.0,1
Q8 (2017),5.2,3000,4,146.0,32,True,True,110.0,1
Q6,5.5,3000,4,149.0,16,False,False,200.0,1
Galaxy Folder2,3.8,1950,3,165.0,16,False,False,430.0,6
Galaxy Note FE,5.7,3200,4,167.0,64,True,True,200.0,1
P9 lite mini,5.0,3020,2,145.0,16,False,False,250.0,1
Xperia XZ1 Compact,4.6,2700,4,140.0,32,True,True,300.0,6
Galaxy S8 Active,5.8,4000,4,208.0,64,True,True,500.0,4
Xperia XA1 Plus,5.5,3430,4,189.0,32,False,False,150.0,1
K8 Note,5.5,4000,4,180.0,32,False,False,200.0,4
Galaxy Note8,6.3,3300,6,195.0,64,True,True,210.0,1
V30,6.0,3300,4,158.0,64,True,True,200.0,1
Xperia XZ1,5.2,2700,4,155.0,64,True,True,260.0,6
Mi A1 (Mi 5X),5.5,3080,4,165.0,32,True,False,170.0,1
A71,5.2,3000,3,137.0,16,False,False,480.0,1
Mi Mix 2,5.99,3400,8,185.0,64,True,False,410.0,1
Mi Note 3,5.5,3500,6,163.0,64,True,False,280.0,1
K8,5.2,4000,3,165.0,32,False,False,200.0,4
Galaxy C7 (2017),5.5,3000,4,180.0,32,False,False,550.0,1
K8 Plus,5.2,4000,4,165.0,32,False,False,180.0,4
iPhone 8,4.7,1821,2,148.0,64,True,True,210.0,6
iPhone X,5.8,2716,3,174.0,64,True,True,280.0,6
R11s,6.01,3200,4,153.0,64,True,False,260.0,1
F5,6.0,3200,6,152.0,32,False,False,150.0,1
Xperia R1 (Plus),5.2,2620,3,154.0,16,False,False,168.0,6
Mate 10 Pro,6.0,4000,6,178.0,64,True,True,150.0,4
Mate 10,5.9,4000,4,186.0,64,True,True,180.0,4
Galaxy J2 (2017),4.7,2000,1,130.0,8,False,False,500.0,6
Mate 10 Lite,5.9,3340,4,164.0,64,False,False,300.0,1
Mate 10 Porsche Design,6.0,4000,6,178.0,256,True,True,190.0,4
Pixel 2,5.0,2700,4,143.0,64,True,True,610.0,6
Pixel 2 XL,6.0,3520,4,175.0,64,True,True,520.0,1
Redmi Y1 (Note 5A),5.5,3080,4,153.0,32,False,False,140.0,1
F5 Youth,6.0,3200,4,152.0,32,False,False,400.0,1
R11s Plus,6.43,4000,6,182.0,64,True,False,310.0,4
Redmi Y1 Lite,5.5,3080,2,150.0,16,False,False,90.0,1
moto tab,10.1,7000,2,500.0,32,False,False,170.0,3
Redmi 5A,5.0,3000,3,137.0,16,False,False,100.0,1
nova 2s,6.0,3340,6,169.0,64,True,False,230.0,1
Redmi 5,5.7,3300,4,157.0,16,False,False,160.0,1
K320t,5.7,3000,3,153.0,16,False,False,200.0,1
P smart,5.65,3000,4,143.0,32,False,False,450.0,1
Galaxy A8 (2018),5.6,3000,4,172.0,32,False,False,230.0,1
Galaxy A8+ (2018),6.0,3500,6,191.0,32,False,False,120.0,1
9 Lite,5.65,3000,4,149.0,32,False,False,190.0,1
Xperia XA2 Ultra,6.0,3580,4,221.0,32,True,False,260.0,1
A83,5.7,3180,4,143.0,16,False,False,500.0,1
Xperia XA2,5.2,3300,3,171.0,32,True,False,200.0,1
Aristo 2,5.0,2410,2,139.0,16,False,False,200.0,6
X4+,5.3,3000,2,172.0,32,False,False,500.0,1
Galaxy J2 Pro (2018),5.0,2600,2,153.0,16,False,False,250.0,6
Xperia L2,5.5,3300,3,178.0,32,False,False,140.0,1
Xperia XZ2 Compact,5.0,2870,4,168.0,64,True,True,430.0,1
V30S ThinQ,6.0,3300,6,158.0,128,True,True,100.0,1
K10 (2018),5.3,3000,3,162.0,16,False,False,140.0,1
Redmi 5 Plus (Redmi Note 5),5.99,4000,4,180.0,32,True,True,180.0,4
A71 (2018),5.2,3000,3,137.0,16,False,False,280.0,1
K8 (2018),5.0,2500,2,152.0,16,False,False,70.0,6
Redmi Note 5 Pro,5.99,4000,6,181.0,64,False,False,180.0,4
Galaxy S9,5.8,3000,4,163.0,64,True,True,300.0,1
Galaxy S9+,6.2,3500,6,189.0,64,True,True,120.0,1
Xperia XZ2,5.7,3180,6,198.0,64,True,True,360.0,1
Mi Mix 2S,5.99,3400,8,191.0,64,True,True,270.0,1
Redmi Note 5 AI Dual Camera,5.99,4000,6,181.0,32,False,False,180.0,4
A1 (2018),5.7,3180,4,143.0,32,False,False,180.0,1
R15,6.28,3450,8,175.0,128,True,False,450.0,1
R15 Pro,6.28,3430,6,180.0,128,True,True,320.0,1
Galaxy J7 Prime 2,5.5,3300,3,170.0,32,False,False,370.0,1
Y9 (2018),5.93,4000,4,170.0,32,False,False,600.0,4
K5 play,5.7,3000,3,155.0,16,False,False,150.0,1
K5,5.7,3000,3,160.0,32,False,False,150.0,1
Y7 (2018),5.99,3000,2,155.0,16,False,False,200.0,1
S5,5.7,3000,4,155.0,32,True,False,230.0,1
Y7 Prime (2018),5.99,3000,4,155.0,32,False,False,170.0,1
Zone 4,5.0,2500,2,140.0,16,False,False,180.0,6
F7,6.23,3400,6,158.0,64,False,False,580.0,1
Y7 Pro (2018),5.99,3000,3,155.0,32,False,False,220.0,1
Mate RS Porsche Design,6.0,4000,6,183.0,256,True,True,240.0,4
P20 lite,5.84,3000,4,145.0,32,False,False,150.0,1
P20 Pro,6.1,4000,8,180.0,64,True,True,150.0,4
P20,5.8,3400,6,165.0,64,True,True,170.0,1
Y6 (2018),5.7,3000,3,150.0,16,False,False,330.0,1
Y6 Prime (2018),5.7,3000,3,150.0,16,False,False,410.0,1
Xperia XZ2 Premium,5.8,3540,6,236.0,64,True,True,460.0,1
Galaxy J7 Duo,5.5,3000,4,174.0,32,False,False,420.0,1
7A,5.7,3000,3,150.0,16,False,False,120.0,1
A3,6.2,3400,4,159.0,128,False,False,280.0,1
Black Shark,5.99,4000,8,190.0,64,True,False,400.0,4
1,6.0,3410,6,155.0,32,False,False,130.0,1
10,5.84,3400,8,153.0,64,True,True,310.0,1
7C,5.99,3000,4,164.0,32,False,False,200.0,1
Y3 (2018),5.0,2280,1,175.0,8,False,False,1300.0,6
Galaxy J8,6.0,3500,4,177.0,32,False,False,140.0,1
Galaxy J6,5.6,3000,4,154.0,32,False,False,230.0,1
Galaxy J4,5.5,3000,3,175.0,16,False,False,220.0,1
Galaxy A6+ (2018),6.0,3500,4,186.0,32,False,False,240.0,1
Galaxy A6 (2018),5.6,3000,4,162.0,32,False,False,170.0,1
7S,5.45,3020,2,142.0,16,False,False,110.0,1
Y5 Prime (2018),5.45,3020,2,142.0,16,False,False,150.0,1
Galaxy S Light Luxury,5.8,3000,4,150.0,64,True,False,180.0,1
V35 ThinQ,6.0,3300,6,157.0,64,True,True,150.0,1
Q7,5.5,3000,4,145.0,32,False,False,370.0,1
F7 Youth,6.0,3410,4,155.0,64,False,False,200.0,1
Mi 8 Explorer,6.21,3000,8,177.0,128,True,True,400.0,1
Mi 8,6.21,3400,8,175.0,64,True,True,430.0,1
Mi 8 SE,5.88,3120,6,164.0,64,True,False,260.0,1
Redmi S2 (Redmi Y2),5.99,3080,4,170.0,32,False,False,160.0,1
K30,5.3,2880,2,168.0,32,False,False,150.0,1
G7 ThinQ,6.1,3000,6,162.0,64,True,True,300.0,1
6,6.28,3300,8,177.0,64,True,True,410.0,1
Find X Lamborghini,6.42,3400,8,186.0,512,True,True,130.0,1
Galaxy J7 (2018),5.5,3300,2,181.0,16,False,False,350.0,1
Galaxy J3 (2018),5.0,2600,2,152.0,16,False,False,400.0,6
Galaxy A8 Star (A9 Star),6.3,3700,6,191.0,64,True,False,310.0,4
K5 Note (2018),6.0,3760,4,176.0,32,False,False,110.0,4
Z5,6.2,3300,6,165.0,64,True,False,120.0,1
A5,5.45,4000,3,160.0,16,False,True,130.0,4
Q Stylo 4,6.2,3300,2,172.0,32,False,False,300.0,1
Q Stylus,6.2,3300,4,171.0,32,False,False,350.0,1
Redmi 6,5.45,3000,4,146.0,32,False,False,130.0,1
Redmi 6A,5.45,3000,3,145.0,16,False,False,110.0,1
9N (9i),5.84,3000,4,152.0,32,False,False,220.0,1
Note 10,6.95,5000,8,230.0,64,True,False,400.0,7
P Smart+ 2019,6.21,3400,6,160.0,64,False,True,100.0,1
nova 3,6.3,3750,6,166.0,64,True,True,140.0,4
Play,6.3,3750,6,176.0,64,True,True,250.0,4
K11 Plus,5.3,3000,3,162.0,16,False,False,250.0,1
X power 3,5.5,4500,2,171.0,16,False,False,160.0,0
Xperia XA2 Plus,6.0,3580,6,205.0,32,True,False,240.0,1
Mi Max 3,6.9,5500,6,221.0,64,True,False,310.0,7
Mi A2 Lite (Redmi 6 Pro),5.84,4000,4,178.0,32,False,False,380.0,4
Galaxy On6,5.6,3000,4,154.0,32,False,False,150.0,1
A5 (AX5),6.2,4230,4,168.0,32,False,False,150.0,4
A3s,6.2,4230,4,168.0,16,False,False,460.0,4
nova 3i,6.3,3340,6,169.0,64,False,False,90.0,1
Mi A2 (Mi 6X),5.99,3000,6,166.0,32,True,False,270.0,1
R17,6.4,3500,8,182.0,128,True,False,270.0,1
G7 One,6.1,3000,4,156.0,32,True,False,300.0,1
Q8 (2018),6.2,3300,4,172.0,64,False,False,140.0,1
F9 (F9 Pro),6.3,3500,6,169.0,64,False,False,510.0,1
Galaxy J2 Core,5.0,2600,1,154.0,8,False,False,200.0,6
2,6.2,4230,4,168.0,32,False,False,120.0,4
G7 Fit,6.1,3000,4,156.0,32,True,False,350.0,1
Mate 20 lite,6.3,3750,6,172.0,64,False,True,350.0,4
RX17 Pro,6.4,3700,8,183.0,128,True,False,330.0,4
Candy,5.0,2500,2,152.0,16,False,False,200.0,6
Galaxy Note9,6.4,4000,8,201.0,128,True,True,150.0,4
Pocophone F1,6.18,4000,8,182.0,64,True,True,360.0,4
Xperia XZ3,6.0,3300,6,193.0,64,True,True,510.0,1
Mi 8 Lite,6.26,3350,6,169.0,64,True,False,360.0,1
Mi 8 Pro,6.21,3000,8,177.0,128,True,True,510.0,1
Redmi Note 6 Pro,6.26,4000,6,182.0,32,False,False,200.0,4
A7x,6.3,3500,4,169.0,64,False,False,250.0,1
Galaxy J4+,6.0,3300,3,178.0,16,False,False,100.0,1
8X,6.5,3750,6,175.0,64,False,True,220.0,4
8X Max,7.12,5000,6,210.0,64,False,False,250.0,7
C1,6.2,4230,2,168.0,16,False,False,100.0,4
Galaxy J6+,6.0,3300,4,178.0,32,False,False,220.0,1
2 Pro,6.3,3500,8,174.0,64,True,True,150.0,1
iPhone XS Max,6.5,3174,4,208.0,64,True,True,570.0,1
iPhone XS,5.8,2658,4,177.0,64,True,True,380.0,6
iPhone XR,6.1,2942,3,194.0,64,True,True,310.0,1
Galaxy A7 (2018),6.0,3300,6,168.0,64,False,True,200.0,1
Black Shark Helo,6.01,4000,6,190.0,128,True,False,450.0,4
Mi Mix 3,6.39,3200,6,218.0,128,True,True,730.0,1
K9,5.7,3000,3,155.0,32,False,True,150.0,1
K5 Pro,5.99,4050,6,165.0,64,True,False,200.0,4
S5 Pro,6.2,3500,6,170.0,64,True,False,130.0,1
Mate 20 RS Porsche Design,6.39,4200,8,187.0,256,True,True,460.0,4
Mate 20 X,7.2,5000,8,232.0,128,True,True,180.0,7
Galaxy A6s,6.0,3300,6,183.0,64,True,False,310.0,1
Mate 20,6.53,4000,6,188.0,64,True,True,260.0,4
Galaxy A9 (2018),6.3,3800,8,183.0,64,True,False,430.0,4
K1,6.4,3600,6,156.0,64,True,False,1350.0,5
Y9 (2019),6.5,4000,6,173.0,64,False,False,220.0,4
R15x,6.4,3600,6,156.0,128,True,False,132.0,1
8C,6.26,4000,4,167.0,32,False,False,170.0,4
Magic 2,6.39,3500,8,206.0,128,True,False,550.0,1
V40 ThinQ,6.4,3300,6,169.0,64,True,True,70.0,1
Pixel 3 XL,6.3,3430,4,184.0,64,True,False,260.0,1
Pixel 3,5.5,2915,4,148.0,64,True,False,450.0,1
Mate 20 Pro,6.39,4200,8,189.0,128,True,True,230.0,4
6T,6.41,3700,8,185.0,128,True,True,430.0,4
U1,6.3,3500,4,168.0,32,False,False,130.0,1
Y Max,7.12,5000,4,210.0,128,False,False,180.0,7
Z5 Pro,6.39,3350,6,210.0,64,True,False,150.0,1
RX17 Neo,6.41,3600,4,156.0,128,False,False,230.0,1
A7,6.2,4230,4,168.0,32,False,False,290.0,4
Galaxy J4 Core,6.0,3300,1,177.0,16,False,False,120.0,1
10 Lite,6.21,3400,6,162.0,32,False,True,180.0,1
Enjoy 9,6.26,4000,4,168.0,32,False,False,800.0,5
Galaxy A8s,6.4,3400,8,173.0,128,True,True,550.0,1
nova 4,6.4,3750,8,172.0,128,True,False,1200.0,5
S5 Pro GT,6.2,3500,6,170.0,64,True,False,400.0,1
Y5 lite (2018),5.45,3020,1,142.0,16,False,False,130.0,1
Mi Play,5.84,3000,6,150.0,64,False,False,170.0,1
Z5 Pro GT,6.39,3350,6,210.0,128,True,False,200.0,1
6T McLaren,6.41,3700,10,185.0,256,True,True,700.0,4
Z5s,6.3,3300,6,172.0,64,True,False,300.0,1
P smart 2019,6.21,3400,3,160.0,32,False,True,580.0,1
Y7 Pro (2019),6.26,4000,4,168.0,32,False,False,200.0,4
Y7 Prime (2019),6.26,4000,3,168.0,32,False,False,400.0,4
Redmi Go,5.0,3000,1,137.0,8,False,False,100.0,1
Tribute Empire,5.0,2500,2,140.0,16,False,False,80.0,6
Play 8A,6.09,3020,3,150.0,32,False,False,100.0,1
Q9,6.1,3000,4,159.0,64,True,False,330.0,1
Galaxy M10,6.22,3400,3,163.0,16,False,False,90.0,1
C1 (2019),6.2,4230,3,168.0,32,False,False,90.0,4
Redmi Note 7,6.3,4000,6,186.0,32,False,False,170.0,4
Galaxy M20,6.3,5000,4,186.0,32,False,False,380.0,7
Q60,6.26,3500,3,172.0,64,False,False,180.0,1
K50,6.26,3500,3,170.0,32,False,False,140.0,1
K40,5.7,3000,3,144.0,32,False,False,400.0,1
Y6 Pro (2019),6.09,3020,3,150.0,32,False,False,200.0,1
Galaxy Fold,7.3,4380,12,276.0,512,True,True,260.0,0
Xperia L3,5.7,3300,3,156.0,32,False,False,230.0,1
Galaxy Fold 5G,7.3,4235,12,276.0,512,True,True,400.0,0
Galaxy S10 5G,6.7,4500,8,198.0,256,True,True,300.0,0
Mate X,8.0,4500,8,295.0,512,True,False,200.0,0
Mi 9 Explorer,6.39,3300,8,173.0,256,True,True,530.0,1
Mi Mix 3 5G,6.39,3800,6,225.0,64,True,True,410.0,4
Galaxy S10,6.1,3400,8,157.0,128,True,True,200.0,1
Mi 9,6.39,3300,8,173.0,64,True,True,590.0,1
Mi 9 SE,5.97,3070,6,155.0,64,True,True,460.0,1
Galaxy S10e,5.8,3100,8,150.0,128,True,True,260.0,1
Galaxy S10+,6.4,4100,8,175.0,128,True,True,360.0,4
V50 ThinQ 5G,6.4,4000,6,183.0,128,True,True,480.0,4
G8S ThinQ,6.21,3550,6,181.0,64,True,True,350.0,1
G8 ThinQ,6.1,3500,6,167.0,128,True,True,230.0,1
Xperia 1,6.5,3330,6,178.0,64,True,True,500.0,1
Galaxy A50,6.4,4000,6,166.0,64,False,False,110.0,4
Xperia 10 Plus,6.5,3000,6,180.0,64,True,False,560.0,1
Xperia 10,6.0,2870,4,162.0,64,True,False,280.0,1
Galaxy A30,6.4,4000,4,165.0,32,False,False,100.0,4
Galaxy M30,6.4,5000,6,174.0,32,False,False,240.0,7
Redmi Note 7 Pro,6.3,4000,6,186.0,64,True,False,260.0,4
Galaxy A10,6.2,3400,4,168.0,32,False,False,300.0,1
Black Shark 2,6.39,4000,6,205.0,128,True,True,400.0,4
F11,6.53,4020,6,188.0,64,False,False,600.0,4
3,6.22,4230,4,175.0,32,False,False,108.0,4
Magic 2 3D,6.39,3500,8,206.0,128,True,False,600.0,1
Enjoy 9s,6.21,3400,6,160.0,64,False,True,130.0,1
F11 Pro,6.53,4000,6,190.0,64,False,False,460.0,4
Enjoy 9e,6.09,3020,3,150.0,32,False,False,120.0,1
nova 4e,6.15,3340,6,159.0,128,False,False,200.0,1
Y6 (2019),6.09,3020,2,150.0,32,False,False,200.0,1
Y7 (2019),6.26,4000,4,168.0,32,False,False,100.0,4
Redmi 7,6.26,4000,4,180.0,16,False,True,150.0,4
A5s (AX5s),6.2,4230,4,170.0,32,False,False,270.0,4
Galaxy A20,6.4,4000,3,169.0,32,False,False,400.0,4
Galaxy A40,5.9,3100,4,140.0,64,False,False,200.0,1
P30,6.1,3650,8,165.0,64,True,True,130.0,4
P30 Pro,6.47,4200,8,192.0,128,True,True,270.0,4
Galaxy A70,6.7,4500,8,183.0,128,True,True,270.0,0
P30 lite,6.15,3340,8,159.0,64,False,False,120.0,1
Redmi Y3,6.26,4000,4,180.0,32,False,True,120.0,4
A1k,6.1,4000,3,170.0,32,False,False,330.0,4
A7n,6.2,4230,4,170.0,64,False,False,210.0,4
8S,5.71,3020,3,146.0,32,False,False,120.0,1
A9,6.53,4020,8,190.0,128,False,False,250.0,4
K6 Enjoy,6.22,3300,4,161.0,64,False,False,220.0,1
Galaxy A60,6.3,3500,6,168.0,64,True,False,260.0,1
Galaxy A2 Core,5.0,2600,1,142.0,8,False,False,290.0,6
Reno 5G,6.6,4065,8,215.0,256,True,True,320.0,4
8A Pro,6.09,3020,3,150.0,32,False,False,200.0,1
20i,6.21,3400,6,164.0,64,False,True,210.0,1
20 lite,6.21,3400,8,164.0,64,False,True,190.0,1
Reno,6.4,3765,8,185.0,128,True,False,350.0,4
Reno 10x zoom,6.6,4065,6,210.0,128,True,True,270.0,4
Galaxy A20e,5.8,3000,3,141.0,32,False,True,160.0,1
Galaxy A80,6.7,3700,8,220.0,128,True,True,290.0,4
A7,6.09,4000,4,187.0,64,False,False,200.0,4
C2,6.1,4000,3,166.0,16,False,False,72.0,4
3 Pro,6.3,4045,6,172.0,64,True,True,270.0,4
Z6 Pro,6.39,4000,6,185.0,128,True,False,200.0,4
Y5 (2019),5.71,3020,2,146.0,16,False,False,280.0,1
20,6.26,3750,8,174.0,128,True,True,400.0,4
X,6.53,3765,8,191.0,64,True,True,160.0,4
P Smart Z,6.59,4000,4,196.0,64,False,False,319.0,4
Mate 20 X (5G),7.2,4200,8,233.0,128,True,True,420.0,4
Reno Z,6.4,4035,8,186.0,128,True,False,470.0,4
Redmi K20,6.39,4000,8,191.0,64,True,True,260.0,4
Z6 Youth,6.3,4050,6,164.0,64,False,False,190.0,4
K3,6.5,3765,8,191.0,64,True,False,100.0,4
20 Pro,6.26,4000,8,182.0,128,True,True,470.0,4
Redmi Note 7S,6.3,4000,4,186.0,32,False,False,140.0,4
A9x,6.53,4020,6,190.0,128,False,False,200.0,4
Pixel 3a,5.6,3000,4,147.0,64,True,False,290.0,1
Pixel 3a XL,6.0,3700,4,167.0,64,True,False,290.0,4
7,6.41,3700,6,182.0,128,True,True,400.0,4
7 Pro,6.67,4000,6,206.0,128,True,True,590.0,4
7 Pro 5G,6.67,4000,6,206.0,128,True,True,800.0,5
Redmi 7A,5.45,4000,3,165.0,16,False,False,130.0,4
Redmi K20 Pro,6.39,4000,8,191.0,64,True,True,400.0,4
Galaxy M40,6.3,3500,6,168.0,64,True,False,400.0,1
nova 5 Pro,6.39,3500,8,171.0,128,True,False,220.0,1
P20 lite (2019),6.4,4000,4,178.0,64,False,False,670.0,4
Galaxy Xcover 4s,5.0,2800,3,172.0,32,False,False,380.0,6
nova 5,6.39,3500,8,171.0,128,False,False,280.0,1
Stylo 5,6.2,3500,3,179.0,32,False,False,550.0,1
nova 5i,6.4,4000,8,178.0,128,False,False,280.0,4
W30,6.26,4000,4,175.0,32,False,False,110.0,4
W30 Pro,6.22,4050,4,172.0,64,True,False,130.0,4
W10,6.19,4000,3,164.0,32,False,False,200.0,4
Mi 9T,6.39,4000,6,191.0,64,True,True,460.0,4
Z6 Pro 5G,6.39,4000,6,185.0,128,True,False,430.0,4
Galaxy A10e,5.83,3000,3,141.0,32,False,False,120.0,1
nova 5i Pro,6.26,4000,8,178.0,128,True,False,390.0,4
Mi CC9,6.39,4030,8,179.0,64,True,True,260.0,4
Mi CC9e,6.01,4030,6,173.0,64,True,False,170.0,4
Black Shark 2 Pro,6.39,4000,8,205.0,128,True,True,550.0,4
3i,6.2,4230,4,175.0,32,False,False,96.0,4
9X (China),6.59,4000,8,206.0,64,False,False,180.0,4
Z6,6.39,4000,8,159.0,64,True,False,160.0,4
Mi A3,6.09,4030,6,173.0,64,True,False,230.0,4
9X Pro,6.59,4000,8,202.0,128,False,False,230.0,4
Y9 Prime (2019),6.59,4000,4,196.0,64,False,False,760.0,5
Galaxy Note10 5G,6.3,3500,12,168.0,256,True,True,180.0,1
Galaxy Note10+ 5G,6.8,4300,12,198.0,256,True,True,1100.0,5
K40S,6.1,3500,3,186.0,32,False,False,200.0,1
K50S,6.5,4000,3,194.0,32,False,False,190.0,4
K20 (2019),5.45,3000,1,152.0,16,False,False,160.0,1
K30 (2019),5.45,3000,2,148.0,16,False,False,100.0,1
Galaxy Note10+,6.8,4300,12,196.0,256,True,True,590.0,0
Galaxy Note10,6.3,3500,8,168.0,256,True,True,80.0,1
Galaxy A10s,6.2,4000,3,168.0,32,False,False,260.0,4
5 Pro,6.3,4035,8,184.0,64,True,True,430.0,4
5,6.5,5000,4,198.0,32,True,False,190.0,7
Mi 9T Pro,6.39,4000,8,191.0,64,True,True,325.38,4
Galaxy A30s,6.4,4000,4,169.0,32,False,False,700.0,4
Galaxy A50s,6.4,4000,6,169.0,64,True,False,590.0,4
nova 5T,6.26,3750,8,174.0,128,True,True,260.0,4
Reno2,6.5,4000,8,189.0,128,True,True,270.0,4
Reno2 F,6.5,4000,8,195.0,128,False,False,880.0,5
Reno2 Z,6.53,4000,8,195.0,128,True,False,1020.0,5
Redmi Note 8 Pro,6.53,4500,8,200.0,64,True,True,220.0,0
Redmi Note 8,6.3,4000,6,190.0,32,True,False,220.0,4
Galaxy M10s,6.4,4000,3,169.0,32,False,False,1750.0,5
Galaxy A90 5G,6.7,4500,8,206.0,128,True,True,290.0,0
Galaxy A70s,6.7,4500,8,187.0,128,True,True,260.0,0
Q,6.3,4035,8,184.0,64,True,True,130.0,4
Redmi K20 Pro Premium,6.39,4000,8,191.0,128,True,True,450.0,4
20S,6.26,3750,8,172.0,128,False,False,250.0,4
Mi 9 Pro 5G,6.39,4000,8,196.0,128,True,True,600.0,4
Mate 30 RS Porsche Design,6.53,4500,12,198.0,512,True,True,650.0,0
Reno A,6.4,3600,6,169.0,128,True,False,330.0,1
Mate 30 5G,6.62,4200,8,196.0,128,True,True,190.0,4
A6 Note,6.09,4000,3,172.0,16,False,False,400.0,4
Mate 30,6.62,4200,8,196.0,128,True,True,340.0,4
Play 3,6.39,4000,6,176.0,64,False,False,130.0,4
Play 3e,5.71,3020,3,146.0,32,False,False,90.0,1
Enjoy 10 Plus,6.59,4000,8,163.0,128,False,False,360.0,4
Mi 9 Pro,6.39,4000,8,196.0,128,True,True,500.0,4
K10 Note,6.3,4050,6,164.0,64,True,False,250.0,4
Xperia 5,6.1,3140,6,164.0,128,True,True,500.0,1
G8X ThinQ,6.4,4000,6,192.0,128,True,True,320.0,4
iPhone 11 Pro Max,6.5,3969,4,226.0,64,True,True,397.78,4
iPhone 11 Pro,5.8,3046,4,188.0,64,True,True,429.89,1
iPhone 11,6.1,3110,4,194.0,64,True,True,494.0,1
A9 (2020),6.5,5000,8,195.0,128,True,False,260.0,7
XT,6.4,4000,8,183.0,64,True,True,290.0,4
Mi 9 Lite,6.39,4030,6,179.0,64,True,True,320.0,4
Galaxy M30s,6.4,6000,6,188.0,64,True,False,1400.0,2
Mate 30 Pro 5G,6.53,4500,8,198.0,128,True,True,550.0,0
Mate 30 Pro,6.53,4500,8,198.0,128,True,True,290.0,0
A5 (2020),6.5,5000,4,195.0,32,True,False,210.0,7
K10 Plus,6.22,4050,4,172.0,64,False,False,100.0,4
X2,6.4,4000,8,182.0,64,True,True,480.0,4
Galaxy A20s,6.5,4000,4,183.0,32,False,False,110.0,4
Redmi 8A,6.22,5000,4,188.0,32,False,False,120.0,7
7T,6.55,3800,8,190.0,128,True,True,258.5,4
Q70,6.4,4000,4,198.0,64,True,False,140.0,4
A11,6.5,5000,6,195.0,64,True,False,500.0,7
K5,6.4,4000,8,182.0,128,True,True,340.0,4
V50S ThinQ 5G,6.4,4000,8,192.0,256,True,True,560.0,4
20 lite (China),6.3,4000,8,171.0,64,False,False,220.0,4
Enjoy 10,6.39,4000,6,176.0,64,False,False,1290.0,5
Reno Ace,6.5,4000,8,200.0,128,True,True,330.0,4
Galaxy Xcover FieldPro,5.1,4500,4,256.0,64,False,False,250.0,0
nova 5z,6.26,4000,6,178.0,64,True,False,1700.0,5
Redmi 8,6.22,5000,4,188.0,32,False,False,210.0,7
7T Pro,6.67,4085,8,206.0,256,True,True,1030.0,5
Pixel 4 XL,6.3,3700,6,193.0,64,True,False,250.0,4
Pixel 4,5.7,2800,6,162.0,64,True,False,300.0,6
X2 Pro,6.5,4000,6,199.0,64,True,True,440.0,4
7T Pro 5G McLaren,6.67,4085,12,206.0,256,True,True,800.0,5
Enjoy 10s,6.3,4000,8,163.0,64,False,False,1440.0,5
9X,6.59,4000,6,196.0,64,False,True,240.0,4
Mi CC9 Pro,6.47,5260,8,208.0,128,True,True,400.0,7
V30 Pro,6.57,4100,8,206.0,128,True,True,500.0,4
C2 2020,6.1,4000,3,166.0,32,False,False,100.0,4
V30,6.57,4200,8,213.0,128,True,True,430.0,4
Redmi Note 8T,6.3,4000,4,200.0,32,True,False,250.0,4
Mi Note 10 Pro,6.47,5260,8,208.0,256,True,True,480.0,7
Mi Note 10,6.47,5260,6,208.0,128,True,True,380.0,7
Y9s,6.59,4000,6,206.0,128,False,False,150.0,4
5s,6.5,5000,4,198.0,64,True,False,270.0,7
nova 6 SE,6.4,4200,8,183.0,128,False,False,200.0,4
nova 6,6.57,4100,8,197.0,128,True,True,220.0,4
A8,6.5,4230,4,180.0,128,False,False,150.0,4
nova 6 5G,6.57,4200,8,212.0,128,True,True,2150.0,5
Reno3 5G,6.4,4025,8,181.0,128,True,False,280.0,4
Reno3 Pro 5G,6.5,4025,8,171.0,128,True,True,240.0,4
P smart Pro 2019,6.59,4000,6,206.0,128,False,False,280.0,4
Redmi K30 5G,6.67,4500,8,208.0,64,True,True,260.0,0
Redmi K30,6.67,4500,8,208.0,64,True,True,210.0,0
Galaxy A51,6.5,4000,8,172.0,64,True,False,380.0,4
Galaxy A71,6.7,4500,8,179.0,128,True,True,1020.0,5
Galaxy A01,5.7,3000,2,149.0,16,False,False,240.0,1
A91,6.4,4025,8,172.0,128,False,False,170.0,4
C2s,6.1,4000,3,166.0,32,False,False,40.0,4
Galaxy Xcover Pro,6.3,4050,4,218.0,64,False,False,380.0,4
Galaxy Note10 Lite,6.7,4500,8,199.0,128,True,True,200.0,0
Galaxy S10 Lite,6.7,4500,8,186.0,128,True,True,336.5,0
5i,6.52,5000,4,195.0,32,True,False,170.0,7
X50 5G (China),6.57,4200,6,202.0,64,True,True,680.0,4
P30 lite New Edition,6.15,3340,6,152.0,128,False,False,140.0,1
F15,6.4,4025,8,172.0,128,False,False,200.0,4
nova 7i,6.4,4200,8,183.0,128,False,False,160.0,4
Y6s (2019),6.09,3020,3,150.0,32,False,False,290.0,1
Poco X2,6.67,4500,8,208.0,64,True,True,179.88,0
C3,6.5,5000,4,195.0,32,False,False,90.0,7
Y7p,6.39,4000,4,176.0,64,False,False,240.0,4
Reno3 Youth,6.4,4025,8,180.0,128,True,False,380.0,4
Galaxy S20 5G,6.2,4000,8,163.0,128,True,True,770.0,5
Galaxy S20+ 5G,6.7,4500,8,188.0,128,True,True,880.0,5
Galaxy S20 Ultra,6.9,5000,16,220.0,128,True,True,540.0,7
Redmi 8A Dual,6.22,5000,3,188.0,32,False,False,110.0,7
Galaxy S20 Ultra 5G,6.9,5000,16,222.0,128,True,True,540.0,7
Galaxy S20+,6.7,4500,8,186.0,128,True,True,280.0,0
Galaxy S20,6.2,4000,8,163.0,128,True,True,389.99,4
Galaxy Z Flip,6.7,3300,8,183.0,256,True,True,550.0,1
A31,6.5,4230,6,180.0,64,False,False,150.0,4
Mi 10 5G,6.67,4780,6,208.0,128,True,True,339.0,7
Mi 10 Pro 5G,6.67,4500,8,208.0,256,True,True,930.0,5
K51S,6.55,4000,3,194.0,64,False,False,220.0,4
K61,6.53,4000,4,191.0,64,False,False,200.0,4
K41S,6.55,4000,3,191.0,32,False,False,1100.0,5
C3 (3 cameras),6.5,5000,4,195.0,32,False,False,150.0,7
W10 Alpha,5.71,3450,3,170.0,32,False,False,300.0,1
Xperia L4,6.2,3580,3,178.0,64,False,False,200.0,1
Xperia 1 II,6.5,4000,8,181.0,256,True,False,700.0,4
Xperia 10 II,6.0,3600,4,151.0,64,True,False,700.0,1
Mate Xs,8.0,4500,8,300.0,512,True,False,360.0,0
X50 Pro 5G,6.44,4200,6,205.0,128,True,True,439.44,4
Xperia Pro,6.5,4000,12,225.0,512,True,True,2000.0,5
Galaxy M31,6.4,6000,8,191.0,64,True,False,690.0,3
Q51,6.5,4000,3,187.0,32,False,False,130.0,4
V60 ThinQ 5G,6.8,5000,8,213.0,128,True,True,240.0,7
V60 ThinQ 5G UW,6.8,5000,8,218.0,128,True,True,700.0,2
P40 lite,6.4,4200,8,183.0,128,False,False,1950.0,5
Enjoy 10e,6.3,5000,4,185.0,64,False,False,1000.0,2
Reno3 Pro,6.4,4025,8,175.0,128,True,False,200.0,4
Black Shark 3,6.67,4720,8,222.0,128,True,True,390.0,0
Black Shark 3 Pro,7.1,5000,8,253.0,256,True,True,940.0,2
P40 lite E,6.39,4000,4,176.0,64,False,False,249.99,4
6 Pro,6.6,4300,8,202.0,64,True,False,179.99,0
6,6.5,4300,8,191.0,64,True,False,190.0,0
Find X2 Pro,6.7,4260,12,217.0,256,True,True,400.0,0
Find X2,6.7,4200,8,209.0,128,True,True,440.0,4
Redmi Note 9 Pro Max,6.67,5020,8,209.0,64,True,True,180.0,7
Redmi Note 9 Pro (India),6.67,5020,6,209.0,64,True,True,280.0,7
Galaxy A11,6.4,4000,4,177.0,32,False,False,650.0,4
Reno3,6.4,4025,8,170.0,128,True,True,430.0,4
6i,6.5,5000,4,199.0,64,False,False,400.0,7
Galaxy A41,6.1,3500,8,152.0,64,False,False,160.0,1
Galaxy M21,6.4,6000,6,188.0,64,True,True,310.0,3
Redmi Note 9S,6.67,5020,6,209.0,64,True,True,204.95,7
Redmi K30 Pro,6.67,4700,6,218.0,128,True,True,390.0,0
Galaxy A31,6.4,5000,8,185.0,64,False,False,190.0,7
Redmi K30 Pro Zoom,6.67,4700,8,218.0,128,True,True,500.0,0
P40 Pro,6.58,4200,8,209.0,128,True,True,520.0,4
P40 Pro+,6.58,4200,8,226.0,256,True,True,569.9,4
P40,6.1,3800,8,175.0,128,True,True,150.0,4
M10 Plus,10.3,5000,4,460.0,32,False,False,180.0,7
Mi 10 Lite 5G,6.57,4160,8,192.0,64,True,True,209.06,4
8A Prime,6.09,3020,3,150.0,64,False,False,110.0,1
30S,6.5,4000,8,190.0,128,True,True,310.0,4
Play 9A,6.3,5000,4,185.0,64,False,False,120.0,7
Galaxy M11,6.4,5000,4,197.0,32,False,False,290.0,7
Redmi 8A Pro,6.22,5000,3,188.0,32,False,False,90.0,7
A12e,6.2,4230,3,168.0,64,False,False,227.868,4
Galaxy A71 5G,6.7,4500,8,185.0,128,True,True,108.88,0
Galaxy A21,6.5,4000,3,193.0,32,False,False,190.0,4
Galaxy A51 5G,6.5,4500,8,187.0,128,True,False,204.99,0
Play 4T,6.39,4000,6,176.0,128,False,False,160.0,4
Play 4T Pro,6.3,4000,8,165.0,128,True,False,200.0,4
8A 2020,6.09,3020,3,150.0,64,False,False,150.0,1
Ace2,6.55,4000,8,186.0,128,True,True,156.8,4
8 Pro,6.78,4510,8,199.0,128,True,True,369.6,0
8 5G UW (Verizon),6.55,4300,8,180.0,128,True,True,740.0,5
8 5G (T-Mobile),6.55,4300,8,180.0,128,True,True,650.0,0
8,6.55,4300,6,180.0,128,True,True,876.0,5
Find X2 Neo,6.5,4025,12,171.0,256,True,True,240.0,4
iPhone SE (2020),4.7,1821,3,148.0,64,True,True,189.5,6
30 Pro+,6.57,4000,8,190.0,256,True,True,650.0,4
30 Pro,6.57,4000,8,186.0,128,True,True,670.0,4
30,6.53,4000,8,185.0,128,True,True,1170.0,5
20e,6.21,3400,6,164.0,64,False,True,180.0,1
9X Lite,6.5,3750,4,188.0,128,False,False,220.0,4
A92s,6.57,4000,8,184.0,128,True,False,230.0,4
A52,6.5,5000,8,192.0,64,True,False,120.0,7
A12,6.22,4230,4,165.0,32,False,False,469.0,4
Find X2 Lite,6.4,4025,8,180.0,128,True,True,540.0,4
A72,6.5,5000,8,192.0,128,True,False,520.0,7
X50m 5G,6.57,4200,8,194.0,128,True,True,260.0,4
nova 7 5G,6.53,4000,8,180.0,128,True,True,120.0,4
nova 7 Pro 5G,6.57,4000,8,178.0,128,True,True,390.0,4
Galaxy J2 Core (2020),5.0,2600,1,154.0,16,False,False,238.19,6
Mi 10 Youth 5G,6.57,4160,8,192.0,64,True,True,270.0,4
9C,6.39,4000,4,176.0,64,False,False,160.0,4
9A,6.3,5000,3,185.0,64,False,False,150.0,7
P smart 2020,6.21,3400,4,160.0,128,False,True,480.0,1
9S,5.45,3020,2,144.0,32,False,False,90.0,1
Mi Note 10 Lite,6.47,5260,8,204.0,64,True,True,254.44,7
Redmi Note 9,6.53,5020,6,199.0,64,False,False,156.38,7
Redmi Note 9 Pro,6.67,5020,8,209.0,64,True,True,220.0,7
A92,6.5,5000,8,192.0,128,True,False,535.0,7
Y5p,5.45,3020,2,144.0,32,False,False,200.0,1
Y6p,6.3,5000,4,185.0,32,False,False,110.0,7
Y8s,6.5,4000,4,180.0,64,False,False,160.0,4
Velvet 5G,6.8,4300,8,180.0,128,True,True,870.0,5
Narzo 10A,6.5,5000,4,195.0,32,False,False,100.0,7
Narzo 10,6.5,5000,4,199.0,128,False,False,150.0,7
Redmi K30 5G Racing,6.67,4500,6,208.0,128,True,True,260.0,0
Poco F2 Pro,6.67,4700,8,219.0,128,True,True,247.66,0
P30 Pro New Edition,6.47,4200,8,192.0,128,True,True,140.0,4
Galaxy A Quantum,6.7,4500,8,185.0,128,True,True,299.99,0
Galaxy A21s,6.5,5000,6,192.0,32,False,False,500.0,7
P40 lite 5G,6.5,4000,8,189.0,128,True,False,820.0,5
Y8p,6.3,4000,6,163.0,128,False,False,247.83,4
V6,10.4,7250,8,480.0,64,False,False,280.0,3
X10 5G,6.63,4300,8,203.0,64,True,True,250.0,0
Galaxy S20 5G UW,6.2,4000,8,168.0,128,True,True,440.0,4
Stylo 6,6.8,4000,3,219.0,64,False,False,360.0,4
Q61,6.53,4000,4,187.0,64,False,False,200.0,4
Enjoy Z 5G,6.5,4000,8,182.0,64,True,False,260.0,4
Redmi K30i 5G,6.67,4500,8,208.0,128,True,False,250.0,0
X50 Pro Player,6.44,4200,6,209.0,128,True,True,350.0,4
Redmi 10X 4G,6.53,5020,6,199.0,128,False,False,130.0,7
Redmi 10X 5G,6.57,4520,8,205.0,64,True,True,200.0,0
Redmi 10X Pro 5G,6.57,4520,8,208.0,128,True,True,290.0,0
X3 SuperZoom,6.6,4200,8,202.0,128,True,True,300.0,4
6S,6.5,4300,6,191.0,64,True,False,200.0,0
8S 2020,5.71,3020,3,146.0,64,False,False,110.0,1
Galaxy M01,5.7,4000,3,168.0,32,False,False,130.0,4
Play4 Pro,6.57,4200,8,213.0,128,True,True,360.0,4
Play4,6.81,4300,8,213.0,128,True,False,250.0,0
Reno4 5G,6.43,4000,8,183.0,128,True,False,100.0,4
Reno4 Pro 5G,6.55,4000,8,172.0,128,True,False,240.0,4
P Smart S,6.3,4000,4,163.0,128,False,False,240.0,4
Redmi 9,6.53,5020,6,198.0,32,False,False,100.62,7
Enjoy 20 Pro,6.5,4000,8,192.0,128,True,False,220.0,4
A11k,6.22,4230,2,165.0,32,False,False,440.0,4
Narzo,6.5,4300,4,191.0,128,True,False,190.0,0
C3i,6.5,5000,2,195.0,32,False,False,100.0,7
X3,6.6,4200,8,202.0,128,True,True,290.0,4
Redmi 9C,6.53,5000,4,196.0,32,False,False,77.77,7
C11,6.5,5000,3,196.0,32,False,False,126.99,7
Redmi 9A,6.53,5000,6,196.0,32,False,True,73.99,7
X10 Max 5G,7.09,5000,8,232.0,64,True,False,240.0,7
30 Youth,6.5,4000,8,192.0,64,True,False,220.0,4
Galaxy A71 5G UW,6.7,4500,8,188.0,128,True,True,220.0,0
Poco M2 Pro,6.67,5000,6,209.0,64,True,True,170.0,7
X50 5G,6.57,4200,8,194.0,128,True,True,500.0,4
A12s,6.2,4230,3,165.0,32,False,False,270.0,4
Galaxy M01s,6.2,4000,3,168.0,32,False,False,60.0,4
Nord,6.44,4115,6,184.0,64,True,True,319.0,4
Galaxy A01 Core,5.3,3000,2,150.0,16,False,False,110.0,1
Legion Pro,6.65,5000,8,239.0,128,True,False,100.0,7
Legion Duel,6.65,5000,16,239.0,256,True,False,510.0,7
Galaxy Z Flip 5G,6.7,3300,8,183.0,256,True,True,300.0,1
6i (India),6.5,4300,6,191.0,64,True,False,150.0,0
A72 5G,6.5,4040,8,175.0,128,True,False,290.0,4
Galaxy M01 Core,5.3,3000,2,150.0,16,False,False,150.0,1
Velvet,6.8,4300,6,180.0,128,True,True,470.0,0
C15,6.5,6000,4,209.0,32,False,False,95.988,3
Reno4,6.4,4015,8,165.0,128,True,True,355.0,4
Galaxy M31s,6.5,6000,8,203.0,128,True,False,110.0,3
Black Shark 3S,6.67,4729,12,222.0,128,True,True,600.0,0
Reno4 Pro,6.5,4000,8,161.0,128,True,False,250.0,4
V5 5G,6.5,5000,8,194.0,128,True,False,180.0,7
Pixel 4a,5.81,3140,6,143.0,128,True,False,330.0,1
Redmi 9 Prime,6.53,5020,4,198.0,64,False,False,127.188,7
K7 5G,6.4,4025,8,180.0,128,True,True,1349.0,5
Galaxy Note20 5G,6.7,4300,8,192.0,128,True,True,850.0,5
Galaxy Note20,6.7,4300,8,192.0,256,True,True,800.0,5
Galaxy Note20 Ultra,6.9,4500,8,208.0,256,True,True,261.0,0
Galaxy Note20 Ultra 5G,6.9,4500,8,208.0,128,True,True,1250.0,5
Galaxy Z Fold2 5G,7.6,4500,12,282.0,256,True,True,850.0,5
Redmi K30 Ultra,6.67,4500,8,213.0,128,True,True,250.0,0
Mi 10 Ultra,6.67,4500,8,221.0,128,True,True,650.0,0
C12,6.5,6000,4,209.0,32,False,False,110.0,3
Galaxy A51 5G UW,6.5,4500,6,188.0,128,True,False,960.0,5
Velvet 5G UW,6.8,4300,6,187.0,128,True,True,270.0,0
A53,6.5,5000,6,186.0,64,False,False,1000.0,2
K31,5.7,3000,2,146.0,32,False,False,590.0,1
Q92 5G,6.67,4000,6,193.0,128,True,False,150.0,4
Redmi 9 (India),6.53,5000,4,194.0,64,False,False,110.0,7
Redmi 9C NFC,6.53,5000,4,196.0,32,False,False,100.0,7
Galaxy M51,6.7,7000,8,213.0,128,True,False,470.0,3
X7 Pro,6.55,4500,8,184.0,128,True,True,470.0,0
X7,6.4,4300,8,175.0,128,True,False,330.0,0
V3,6.5,5000,8,189.0,64,True,True,120.0,7
F17 Pro,6.43,4015,8,164.0,128,True,False,330.0,4
F17,6.44,4015,8,163.0,64,False,False,230.0,4
Galaxy A42 5G,6.6,5000,8,193.0,128,True,False,470.0,7
Enjoy 20 Plus 5G,6.63,4200,8,197.0,128,True,False,210.0,4
7 (Asia),6.5,5000,8,196.0,64,True,False,170.0,7
7 Pro,6.4,4500,8,182.0,128,True,False,340.0,0
Enjoy 20 5G,6.6,5000,6,188.0,64,False,False,250.0,7
Poco X3 NFC,6.67,5160,8,215.0,64,True,True,260.0,7
Y9a,6.63,4300,8,197.0,128,True,False,280.0,0
Poco M2,6.53,5000,6,198.0,64,False,False,125.988,7
Redmi 9AT,6.53,5000,2,194.0,32,False,True,75.73,7
A32,6.5,5000,8,186.0,64,False,False,120.0,7
30i,6.3,4000,4,171.0,128,False,False,200.0,4
K22,6.2,3000,3,169.0,32,False,False,360.0,1
Wing 5G,6.8,4000,8,260.0,128,True,True,140.0,4
Redmi 9i,6.53,5000,4,194.0,64,False,False,113.988,7
Q31,5.7,3000,3,145.0,32,False,False,130.0,1
7i,6.5,5000,8,188.0,64,False,False,180.0,7
Xperia 5 II,6.1,4000,8,163.0,128,True,False,650.0,4
K71,6.8,4000,4,220.0,128,False,False,850.0,5
K42,6.6,4000,3,182.0,64,False,False,140.0,4
Reno4 SE,6.43,4300,8,169.0,128,True,False,390.0,0
Narzo 20,6.5,6000,4,208.0,64,False,True,130.0,3
C17,6.5,5000,6,188.0,64,False,False,160.0,7
Narzo 20A,6.5,5000,4,195.0,32,True,False,100.0,7
Narzo 20 Pro,6.5,4500,8,191.0,64,True,True,170.0,0
Poco X3,6.67,6000,8,225.0,64,True,True,191.88,3
K62,6.6,4000,4,186.0,64,False,False,290.0,4
K52,6.6,4000,4,188.0,64,False,False,220.0,4
Galaxy S20 FE,6.5,4500,8,190.0,128,True,True,299.99,0
Galaxy S20 FE 5G,6.5,4500,8,190.0,128,True,True,390.0,0
Q52,6.6,4000,4,186.0,64,False,False,240.0,4
P smart 2021,6.67,5000,4,206.0,64,False,True,200.0,7
Reno4 Lite,6.43,4015,8,164.0,128,True,False,168.92,4
A33 (2020),6.5,5000,4,186.0,32,False,False,190.0,7
K92 5G,6.7,4000,6,202.0,128,True,False,340.0,4
Reno4 Z 5G,6.57,4000,8,184.0,128,True,False,150.0,4
Pixel 5,6.0,4080,8,151.0,128,True,True,238.0,4
Mi 10T Pro 5G,6.67,5000,8,218.0,128,True,True,369.31,7
Pixel 4a 5G,6.2,3885,6,168.0,128,True,True,380.0,4
Mi 10T 5G,6.67,5000,8,216.0,128,True,True,429.99,7
Mi 10T Lite 5G,6.67,4820,6,214.0,64,True,True,322.99,7
A93,6.43,4000,8,164.0,128,True,False,200.0,4
A73,6.44,4015,6,163.0,128,False,False,270.0,4
Poco C3,6.43,5000,4,194.0,32,False,False,80.0,7
7 (Global),6.5,5000,8,196.0,64,True,False,250.0,7
Galaxy F41,6.4,6000,6,191.0,64,True,False,330.0,3
Reno4 F,6.43,4000,8,164.0,128,True,False,370.0,4
A53s,6.5,5000,4,186.0,64,False,False,320.0,7
iPhone 12 Pro,6.1,2815,6,189.0,128,True,True,567.86,6
iPhone 12,6.1,2815,4,164.0,64,True,True,607.0,6
iPhone 12 Pro Max,6.7,3687,6,228.0,128,True,True,1298.67,5
Q2i,6.5,5000,4,189.0,128,True,True,130.0,7
Q2,6.5,5000,6,194.0,128,True,False,160.0,7
Q2 Pro,6.4,4300,8,175.0,128,True,False,310.0,0
iPhone 12 mini,5.4,2227,4,135.0,64,True,True,868.24,6
8T,6.55,4500,8,188.0,128,True,True,269.0,0
Galaxy M31 Prime,6.4,6000,6,191.0,128,True,False,200.0,3
8T+ 5G,6.55,4500,12,187.0,256,True,True,640.0,0
A15,6.52,4230,3,175.0,32,False,False,130.0,4
A8 2020,6.53,5000,4,205.0,64,False,False,90.0,7
nova 7 SE 5G Youth,6.5,4000,8,189.0,128,True,False,160.0,4
Y7a,6.67,5000,4,206.0,64,False,True,230.0,7
Mate 40 Pro+,6.76,4400,8,230.0,256,True,True,790.0,5
Mate 40 Pro,6.76,4400,8,212.0,128,True,True,630.0,0
Mate 40 RS Porsche Design,6.76,4400,8,234.0,256,True,True,1400.0,5
Mate 30E Pro 5G,6.53,4500,8,198.0,128,True,True,290.0,0
Mate 40,6.5,4200,8,188.0,128,True,True,680.0,4
Nord N100,6.52,5000,4,188.0,64,False,False,123.22,7
Nord N10 5G,6.49,4300,6,190.0,128,True,False,226.72,0
Redmi K30S,6.67,5000,8,216.0,128,True,True,330.0,7
C15 Qualcomm Edition,6.5,6000,4,209.0,32,False,False,110.0,3
10X Lite,6.67,5000,4,206.0,128,False,True,230.0,7
A73 5G,6.5,4040,8,177.0,128,False,False,260.0,4
K7x,6.5,5000,8,194.0,128,True,False,349.0,7
Galaxy M21s,6.4,6000,4,191.0,64,True,False,190.0,3
W31,6.52,4000,4,173.0,64,False,False,130.0,4
W31+,6.52,4000,4,173.0,128,False,False,140.0,4
nova 8 SE,6.53,3800,8,178.0,128,True,False,1400.0,5
7 5G,6.5,5000,8,195.0,128,True,False,276.92,7
Galaxy A02s,6.5,5000,4,196.0,16,False,False,230.0,7
Poco M3,6.53,6000,6,198.0,64,False,False,199.99,3
Galaxy A12,6.5,5000,6,205.0,32,False,False,80.0,7
Redmi Note 9 5G,6.53,5000,8,199.0,64,True,True,170.0,7
Redmi Note 9 Pro 5G,6.67,4820,8,215.0,128,True,True,370.0,7
Redmi Note 9 4G,6.53,6000,8,198.0,128,False,False,130.0,3
K12 Pro,6.8,6000,4,221.0,64,False,True,130.0,3
K12 (China),6.5,5000,4,200.0,64,False,True,100.0,7
Reno5 Pro 5G,6.55,4350,8,173.0,128,True,False,529.0,0
Reno5 5G,6.43,4300,8,172.0,128,True,False,280.0,0
Redmi 9 Power,6.53,6000,6,198.0,64,False,False,120.0,3
A15s,6.52,4230,4,177.0,64,False,False,299.0,4
A53 5G,6.5,4040,8,175.0,128,True,False,169.0,4
7i (Global),6.5,6000,4,208.0,64,False,True,190.0,3
nova 8 Pro 5G,6.72,4000,8,184.0,128,True,True,410.0,4
nova 8 5G,6.57,3800,8,169.0,128,True,True,160.0,4
Enjoy 20 SE,6.67,5000,8,206.0,128,False,True,330.0,7
Reno5 Pro+ 5G,6.55,4500,8,184.0,128,True,True,250.0,0
Mi 11,6.81,4600,6,196.0,128,True,True,792.43,2
Reno5 4G,6.4,4310,8,171.0,128,True,True,240.0,0
Mi 10i 5G,6.67,4820,8,214.0,128,True,True,250.0,7
Galaxy M02s,6.5,5000,4,196.0,32,False,False,220.0,7
V15 5G,6.4,4310,8,176.0,128,True,False,190.0,0
Redmi Note 9T,6.53,5000,6,199.0,64,True,True,163.98,7
Redmi 9T,6.53,6000,6,198.0,64,False,False,189.99,3
Galaxy A32 5G,6.5,5000,8,205.0,64,True,False,100.0,7
Galaxy S21 Ultra 5G,6.8,5000,16,227.0,128,True,True,539.47,7
A93 5G,6.5,5000,8,188.0,128,False,False,410.0,7
Galaxy S21 5G,6.2,4000,8,169.0,128,True,True,240.45,4
Galaxy S21+ 5G,6.7,4800,8,200.0,128,True,True,443.89,7
C20,6.5,5000,2,190.0,32,False,False,90.0,7
V40 5G,6.72,4000,8,189.0,128,True,False,460.0,4
A55 5G,6.5,5000,8,186.0,128,False,False,500.0,7
Galaxy A02,6.5,5000,4,206.0,32,False,False,146.98,7
Galaxy M02,6.5,5000,3,206.0,32,False,False,169.0,7
X7 (India),6.4,4310,8,176.0,128,True,False,230.0,0
Galaxy M12 (India),6.5,6000,6,221.0,64,False,False,666.9,3
V11 5G,6.5,5000,6,186.0,128,True,True,160.0,7
Galaxy F62,6.7,7000,8,218.0,128,True,False,130.0,3
Mate X2,8.0,4500,8,295.0,256,True,True,600.0,0
W41 Pro,6.55,5000,6,201.0,128,False,False,180.0,7
W41+,6.55,5000,4,201.0,128,False,False,170.0,7
W41,6.55,5000,4,201.0,64,False,False,160.0,7
Galaxy M62,6.7,7000,8,218.0,128,True,False,270.0,3
Narzo 30A,6.5,6000,4,205.0,32,False,False,435.0,3
Narzo 30 Pro 5G,6.5,5000,8,196.0,64,True,False,200.0,7
Redmi K40,6.67,4520,6,196.0,128,True,True,280.0,0
Redmi K40 Pro,6.67,4520,6,196.0,128,True,True,360.0,0
Redmi K40 Pro+,6.67,4520,12,196.0,256,True,True,470.0,0
Reno5 K,6.43,4300,8,172.0,128,True,False,310.0,0
Galaxy A32,6.4,5000,8,184.0,64,False,False,274.44,7
P40 4G,6.1,3800,8,175.0,128,True,True,2300.0,5
Mi Mix Fold,8.01,5020,16,317.0,256,True,True,1300.0,2
Redmi Note 10S,6.43,5000,8,178.0,64,True,True,179.0,7
Redmi Note 10 Pro,6.67,5020,8,193.0,64,True,True,199.0,7
Redmi Note 10 5G,6.5,5000,8,190.0,64,False,False,176.4,7
Redmi Note 10,6.43,5000,6,178.0,64,True,True,249.99,7
Redmi Note 10 Pro Max,6.67,5020,8,192.0,64,True,True,220.0,7
Redmi Note 10 Pro (India),6.67,5020,8,192.0,64,True,True,180.0,7
Galaxy Xcover 5,5.3,3000,4,172.0,64,False,False,215.98,1
GT 5G,6.43,4500,8,186.0,128,True,True,349.99,0
A94,6.43,4310,8,172.0,128,True,False,260.0,0
C21,6.5,5000,4,190.0,32,False,False,141.04,7
F19 Pro+ 5G,6.43,4310,8,173.0,128,True,False,370.0,0
F19 Pro,6.43,4310,8,172.0,128,True,False,200.0,0
Mi 10S,6.67,4780,8,208.0,128,True,True,430.0,7
Mate 40E,6.5,4200,8,188.0,128,True,False,500.0,4
Find X3 Lite,6.43,4300,8,172.0,128,True,False,250.0,0
Find X3 Neo,6.55,4500,12,184.0,128,True,True,275.0,0
Find X3,6.7,4500,8,193.0,128,True,True,300.0,0
Find X3 Pro,6.7,4500,8,193.0,256,True,True,250.0,0
Galaxy A52 5G,6.5,4500,8,189.0,128,True,True,364.88,0
Galaxy A72,6.7,5000,8,203.0,128,True,True,449.9,7
Galaxy A52,6.5,4500,8,189.0,128,True,True,349.0,0
Reno5 F,6.43,4310,8,172.0,128,True,False,130.0,0
Poco F3,6.67,4520,8,196.0,128,True,True,380.0,0
Poco X3 Pro,6.67,5160,8,215.0,128,True,True,274.09,7
V40 Lite,6.57,3800,8,169.0,128,True,True,390.0,4
9R,6.55,4500,8,189.0,128,True,True,308.0,0
9,6.55,4500,8,192.0,128,True,True,304.2,0
Reno5 Lite,6.43,4310,8,172.0,128,True,False,260.0,0
9 Pro,6.7,4500,8,197.0,128,True,True,372.4,0
C25,6.5,6000,4,209.0,64,False,False,140.0,3
Black Shark 4,6.67,4500,6,210.0,128,True,True,930.0,5
Black Shark 4 Pro,6.67,4500,8,220.0,128,True,True,500.0,0
vivo iQOO Neo5 Lite,6.57,4500,8,198.0,128,True,False,320.0,0
8 Pro,6.4,4500,8,176.0,128,True,True,550.0,0
8,6.4,5000,8,177.0,64,True,False,178.9,7
A54,6.51,5000,6,192.0,64,False,False,311.88,7
Mi 11 Ultra,6.81,5000,8,234.0,256,True,True,1500.0,2
Mi 11 Lite,6.55,4250,8,157.0,64,True,False,478.13,0
Mi 11i,6.67,4520,8,196.0,128,True,True,525.0,0
Mi 11 Lite 5G,6.55,4250,8,159.0,64,True,False,271.8,4
Mi 11 Pro,6.81,5000,8,208.0,128,True,True,561.25,7
GT Neo,6.43,4500,6,179.0,128,True,True,260.0,0
V13 5G,6.5,5000,8,185.0,128,False,False,210.0,7
F19,6.43,5000,6,175.0,128,False,False,255.0,7
X7 Pro Ultra,6.55,4500,8,170.0,128,True,True,310.0,0
Reno5 Z,6.43,4310,8,173.0,128,True,False,161.88,0
Galaxy F02s,6.5,5000,4,196.0,32,False,False,100.0,7
A74 5G,6.5,5000,8,190.0,128,False,False,600.0,7
A74,6.43,5000,8,175.0,128,False,False,405.99,7
Galaxy F12,6.5,6000,4,221.0,64,False,False,130.0,3
Legion 2 Pro,6.92,5500,18,259.0,128,True,True,880.0,2
Legion Duel 2,6.92,5500,16,259.0,256,True,True,800.0,2
Galaxy Quantum 2,6.7,4500,6,176.0,128,True,True,520.0,0
A35,6.52,4230,4,177.0,64,False,False,220.0,4
Xperia 1 III,6.5,4500,12,186.0,256,True,False,495.0,0
Xperia 5 III,6.1,4500,8,168.0,128,True,False,589.99,0
A54 5G,6.5,5000,4,190.0,64,False,False,517.28,7
Xperia 10 III,6.0,4500,6,169.0,128,True,False,746.0,0
A94 5G,6.43,4310,8,173.0,128,True,False,300.0,0
Galaxy M12,6.5,5000,4,212.0,32,False,False,428.47,7
Play 5T Youth,6.6,5000,8,191.0,128,False,False,170.0,7
8 5G,6.5,5000,8,185.0,64,False,False,405.0,7
Poco M2 Reloaded,6.53,5000,4,198.0,64,False,False,100.0,7
Q3i 5G,6.5,5000,6,185.0,128,False,False,130.0,7
Q3 5G,6.5,5000,8,189.0,128,True,True,170.0,7
Q3 Pro 5G,6.43,4500,8,179.0,128,True,True,210.0,0
Mi 11X,6.67,4520,8,196.0,128,True,True,359.988,0
Mi 11X Pro,6.67,4520,8,196.0,128,True,True,479.988,0
vivo iQOO 7 (India),6.62,4400,8,196.0,128,True,False,350.0,0
Play 20,6.52,5000,8,198.0,64,False,False,110.0,7
nova 8 Pro 4G,6.72,4000,8,184.0,128,True,True,600.0,4
A53s 5G,6.52,5000,8,189.0,128,False,False,151.9,7
vivo V21e,6.44,4000,8,171.0,128,True,True,350.0,4
A95 5G,6.43,4310,8,173.0,128,True,False,215.0,0
vivo V21,6.44,4000,8,176.0,128,True,True,350.0,4
vivo V21 5G,6.44,4000,8,176.0,128,True,True,350.0,4
Redmi K40 Gaming,6.67,5065,6,205.0,128,True,True,260.0,7
Galaxy M42 5G,6.6,5000,8,190.0,128,True,False,220.0,7
vivo Y52s t1,6.58,5000,8,185.0,128,False,False,350.0,7
K9,6.43,4300,8,172.0,128,True,False,330.0,0
C20A,6.5,5000,2,190.0,32,False,False,90.0,7
vivo Y12s 2021,6.51,5000,3,191.0,32,False,False,350.0,7
Play5 5G,6.53,3800,8,179.0,128,True,False,270.0,4
Narzo 30,6.5,5000,6,192.0,64,True,False,445.0,7
vivo Y52 5G,6.58,5000,4,193.0,128,False,False,240.0,7
Poco M3 Pro 5G,6.5,5000,6,190.0,64,False,False,188.41,7
Galaxy F52 5G,6.6,4500,8,199.0,128,True,False,260.0,0
vivo X60s,6.56,4200,8,176.0,128,True,False,269.0,4
GT Neo Flash,6.43,4500,8,179.0,256,True,True,290.0,0
Redmi Note 8 2021,6.3,4000,4,190.0,64,False,False,179.0,4
Q3 Pro Carnival,6.43,4500,8,174.0,128,True,True,230.0,0
Redmi Note 10 Pro (China),6.6,5000,8,193.0,128,True,True,200.0,7
Narzo 30 5G,6.5,5000,6,185.0,64,False,False,219.98,7
Reno6 Pro 5G,6.55,4500,8,177.0,128,True,True,170.0,0
Reno6 5G,6.43,4300,8,182.0,128,True,True,264.61,0
Reno6 Pro+ 5G,6.55,4500,8,188.0,128,True,True,260.0,0
X7 Max 5G,6.43,4500,8,179.0,128,True,True,310.0,0
Galaxy A22,6.4,5000,6,186.0,64,False,False,310.14,7
Galaxy A22 5G,6.6,5000,8,203.0,64,False,False,229.0,7
vivo Y70t,6.53,4500,8,190.0,128,True,True,270.0,0
vivo iQOO U3x Standard,6.51,5000,6,191.0,128,False,False,212.4,7
C25s,6.5,6000,4,209.0,64,False,True,239.95,3
vivo Y53s,6.58,5000,8,189.0,128,False,True,120.0,7
vivo Y73,6.44,4000,8,170.0,128,True,True,230.0,4
Nord CE 5G,6.43,4500,6,170.0,128,True,False,455.0,0
50,6.57,4300,6,175.0,128,True,True,455.0,0
50 SE,6.78,4000,8,191.0,128,True,True,310.0,4
50 Pro,6.72,4000,8,187.0,256,True,True,480.0,4
C21Y,6.5,5000,4,200.0,32,False,False,130.0,7
Nord N200 5G,6.49,5000,4,189.0,64,False,False,149.99,7
Galaxy M32,6.4,6000,8,180.0,64,False,False,269.99,3
vivo Y12a,6.51,5000,3,191.0,32,False,False,221.88,7
K13 Note,6.5,5000,4,200.0,128,False,False,120.0,7
vivo V21e 5G,6.44,4000,8,165.0,128,True,False,240.0,4
vivo X60t Pro+,6.56,4200,8,191.0,128,True,True,290.0,4
C11 (2021),6.52,5000,4,190.0,32,False,False,89.988,7
X20 SE,6.6,4000,8,179.0,128,False,False,240.0,4
Galaxy F22,6.4,6000,6,203.0,64,False,False,170.0,3
nova 8i,6.67,4300,8,190.0,128,False,False,246.68,0
vivo Y53s 4G,6.58,5000,8,190.0,128,False,False,460.0,7
vivo S10 Pro,6.44,4050,8,173.0,128,True,False,650.0,4
vivo S10,6.44,4050,8,173.0,128,True,False,310.89,4
vivo Y72 5G (India),6.58,5000,8,185.0,128,False,False,190.0,7
A16,6.52,5000,4,190.0,32,False,False,309.99,7
Redmi Note 10T 5G,6.5,5000,6,190.0,64,False,False,170.0,7
Reno6 Z,6.4,4310,8,173.0,128,True,False,520.0,0
Galaxy M21 2021,6.4,6000,6,192.0,64,True,True,130.0,3
GT Explorer Master,6.55,4500,8,183.0,128,True,True,380.0,0
GT Master,6.43,4300,8,174.0,128,True,True,499.0,0
Nord 2 5G,6.43,4500,6,189.0,128,True,False,299.0,0
Poco F3 GT,6.67,5065,8,205.0,128,True,True,239.988,7
A93s 5G,6.5,5000,8,188.0,128,False,False,160.0,7
Reno6,6.4,4310,8,173.0,128,True,False,175.95,0
Poco X3 GT,6.6,5000,8,193.0,128,True,False,309.52,7
nova 8 SE Youth,6.6,4000,8,179.0,128,False,False,250.0,4
Play 5T Pro,6.6,4000,8,179.0,128,False,False,200.0,4
nova 8,6.57,3800,8,169.0,128,True,True,420.0,4
Galaxy A12 Nacho,6.5,5000,4,205.0,32,False,False,249.0,7
Mix 4,6.67,4500,8,225.0,128,True,True,660.0,0
Galaxy Z Flip3 5G,6.7,3300,8,183.0,128,True,True,613.0,1
Galaxy Z Fold3 5G,7.6,4400,12,271.0,256,True,True,835.0,5
Magic3 Pro+,6.76,4600,12,236.0,512,True,True,1070.0,2
Magic3,6.76,4600,8,203.0,128,True,True,670.0,0
Galaxy A12 (India),6.5,5000,6,205.0,64,False,False,160.0,7
Magic3 Pro,6.76,4600,8,212.0,256,True,True,800.0,2
X20,6.67,4300,8,192.0,128,True,False,250.0,0
A16s,6.52,5000,4,190.0,64,False,False,329.0,7
Galaxy A52s 5G,6.5,4500,8,189.0,128,True,True,334.0,0
vivo iQOO 8,6.56,4350,8,200.0,128,True,False,240.0,0
Pixel 5a 5G,6.34,4680,6,183.0,128,True,True,357.61,0
vivo iQOO 8 Pro,6.78,4500,8,205.0,256,False,False,370.0,0
Galaxy A03s,6.5,5000,4,196.0,32,False,False,149.0,7
Redmi 10,6.5,5000,6,181.0,64,False,False,135.52,7
vivo Y21,6.51,5000,4,182.0,64,False,False,500.0,7
Xperia 10 III Lite,6.0,4500,6,169.0,64,True,False,370.0,0
vivo Y33s,6.58,5000,8,182.0,64,False,False,120.0,7
Galaxy M32 5G,6.5,5000,8,205.0,128,True,False,220.0,7
K13,6.52,5000,2,200.0,32,False,False,90.0,7
K13 Pro,6.51,5000,6,200.0,64,False,True,150.0,7
Redmi 10 Prime,6.5,6000,6,192.0,64,False,False,140.0,3
nova Y60,6.6,5000,4,185.0,64,False,False,150.0,7
8i,6.6,5000,6,194.0,64,False,False,149.99,7
vivo X70 Pro+,6.78,4500,8,209.0,256,True,True,660.0,0
vivo X70 Pro,6.56,4450,8,183.0,128,True,True,120.0,0
vivo X70,6.56,4400,8,181.0,128,True,True,500.0,0
Reno6 Pro 5G (Snapdragon),6.55,4500,12,188.0,256,True,True,145.0,0
8s 5G,6.5,5000,8,191.0,128,False,False,269.988,7
Galaxy M22,6.4,5000,6,186.0,64,False,False,243.38,7
iPhone 13 Pro Max,6.7,4352,6,240.0,128,True,True,897.62,5
iPhone 13 mini,5.4,2438,4,141.0,128,True,True,684.0,6
iPhone 13,6.1,3240,4,174.0,128,True,True,648.0,1
iPhone 13 Pro,6.1,3095,6,204.0,128,True,True,1580.09,5
11 Lite 5G NE,6.55,4250,8,158.0,128,True,True,319.03,4
11T,6.67,5000,8,203.0,128,True,False,329.9,7
11T Pro,6.67,5000,8,204.0,128,True,True,389.9,7
C25Y,6.5,5000,6,200.0,64,False,False,123.18,7
vivo Y21s,6.51,5000,6,182.0,128,False,False,167.88,7
GT Neo2,6.62,5000,8,199.0,128,True,True,278.0,7
vivo iQOO Z5,6.67,5000,8,193.0,128,True,True,188.988,7
Narzo 50i,6.5,5000,4,195.0,32,False,False,90.0,7
Narzo 50A,6.5,6000,4,207.0,64,False,True,125.988,3
Galaxy M52 5G,6.7,5000,8,173.0,128,True,True,398.94,7
Redmi 9 Activ,6.53,5000,6,194.0,64,False,False,110.0,7
K9 Pro,6.43,4500,8,180.0,128,True,False,350.0,0
Civi,6.55,4500,8,166.0,128,True,True,350.0,0
F19s,6.43,5000,6,175.0,128,False,False,560.0,7
Redmi 9A Sport,6.53,5000,3,194.0,32,False,True,89.988,7
Redmi 9i Sport,6.53,5000,4,194.0,64,False,False,94.788,7
Galaxy F42 5G,6.6,5000,8,203.0,128,False,False,240.0,7
Poco C31,6.53,5000,4,194.0,32,False,False,80.16,7
A55,6.51,5000,6,193.0,64,False,False,399.28,7
Redmi Note 10 Lite,6.67,5020,6,209.0,64,True,True,143.988,7
vivo Y33,6.58,5000,4,191.0,128,False,False,560.0,7
vivo Y20t,6.51,5000,6,192.0,64,False,False,520.0,7
Black Shark 4S Pro,6.67,4500,8,220.0,256,True,True,650.0,0
9RT 5G,6.62,4500,8,198.0,128,True,True,789.0,0
Black Shark 4S,6.67,4500,8,210.0,128,True,True,360.0,0
vivo Y3s (2021),6.51,5000,2,190.0,32,False,False,720.0,2
vivo S10e,6.44,4000,8,175.0,128,True,False,1040.0,5
Pixel 6,6.4,4614,8,207.0,128,True,True,339.96,0
GT Neo2T,6.43,4500,8,186.0,128,True,True,260.0,0
Q3s,6.6,5000,8,199.0,128,True,True,200.0,7
Pixel 6 Pro,6.7,5003,12,210.0,128,True,True,336.0,7
vivo T1,6.67,5000,8,193.0,128,True,True,250.0,7
vivo iQOO Z5x,6.58,5000,8,189.0,128,True,True,320.0,7
vivo T1x,6.58,5000,8,189.0,128,True,True,180.0,7
K9s,6.59,5000,8,199.0,128,True,False,360.0,7
vivo Y71t,6.44,4000,8,166.0,128,False,False,110.0,4
50 Lite,6.67,4300,8,192.0,128,False,False,285.0,0
A56 5G,6.5,5000,6,189.0,128,False,False,230.0,7
Play5 Youth,6.67,4300,8,192.0,128,True,False,240.0,0
Xperia Pro-I,6.5,4500,12,211.0,512,True,False,998.0,5
A54s,6.52,5000,8,190.0,128,False,False,469.0,7
Redmi Note 11 Pro+ 5G,6.67,4500,8,204.0,128,True,True,259.99,0
Redmi Note 11 (China),6.6,5000,8,195.0,128,False,True,140.0,7
Redmi Note 11 Pro (China),6.67,5160,8,207.0,128,True,True,220.0,7
X30i,6.7,4000,8,175.0,128,False,False,190.0,4
X30 Max,7.09,5000,8,228.0,128,True,False,320.0,7
A16K,6.52,4230,8,175.0,32,False,False,220.0,4
vivo V23e,6.44,4050,8,172.0,128,True,False,240.0,4
vivo Y15s,6.51,5000,4,179.0,32,False,False,300.0,7
Poco M4 Pro 5G,6.6,5000,8,195.0,64,False,True,200.43,7
vivo Y76s,6.58,4100,8,175.0,128,False,False,230.0,4
Q3t,6.6,5000,8,187.0,256,True,True,290.0,7
Galaxy A03 Core,6.5,5000,2,211.0,32,False,False,98.78,7
vivo Y15a,6.51,5000,4,179.0,64,False,False,240.0,7
vivo Y50t,6.53,4500,8,190.0,128,True,True,120.0,0
A95,6.43,5000,8,175.0,128,False,False,192.82,7
vivo Y74s,6.58,4100,8,175.0,256,False,False,220.0,4
vivo V23e 5G,6.44,4050,8,172.0,128,True,False,140.0,4
vivo Y76 5G,6.58,4100,8,175.0,128,False,False,320.0,4
Redmi Note 11 4G,6.5,5000,6,181.0,128,False,False,164.55,7
Reno7 SE 5G,6.43,4500,8,171.0,128,True,False,499.0,0
Reno7 Pro 5G,6.55,4500,8,180.0,256,True,False,310.0,0
Reno7 5G (China),6.43,4500,8,185.0,128,True,False,230.0,0
Galaxy A03,6.5,5000,4,196.0,32,False,False,155.0,7
Redmi Note 11T 5G,6.6,5000,8,195.0,64,False,True,191.988,7
60,6.67,4800,8,179.0,128,True,True,500.0,7
60 Pro,6.78,4800,8,192.0,256,True,True,390.0,7
Galaxy A13 5G,6.5,5000,6,195.0,64,False,False,163.0,7
vivo Y55s (2021),6.58,6000,8,199.0,128,False,False,190.0,3
Find N,7.1,4500,8,275.0,256,True,True,380.0,0
Play 30 Plus,6.74,5000,8,198.0,128,False,False,150.0,7
X30,6.81,4800,6,189.0,128,False,False,210.0,7
vivo Y32,6.51,5000,8,182.0,64,False,False,330.0,7
vivo iQOO Neo5 SE,6.67,4500,8,189.0,128,True,False,209.0,0
vivo iQOO Neo5 S,6.62,4500,8,196.0,128,True,False,350.0,0
vivo S12,6.44,4200,8,179.0,128,True,False,210.0,4
vivo S12 Pro,6.56,4300,8,171.0,128,True,False,140.0,0
K9x,6.49,5000,8,194.0,128,False,False,299.0,7
vivo iQOO U5,6.58,5000,8,185.0,128,False,False,300.0,7
A11s,6.5,5000,8,186.0,64,False,False,1070.0,2
12 Pro,6.73,4600,8,204.0,128,True,True,620.96,0
12,6.28,4500,8,179.0,128,True,True,399.99,0
12X,6.28,4500,8,176.0,128,True,True,429.89,0
vivo Y21t,6.51,5000,6,182.0,128,False,False,380.0,7
vivo Y21t (India),6.58,5000,4,182.0,128,False,False,180.0,7
GT2,6.62,5000,8,194.0,128,True,False,699.0,2
Galaxy S21 FE 5G,6.4,4500,8,177.0,128,True,True,475.0,0
GT2 Pro,6.7,5000,8,189.0,128,True,True,480.0,7
vivo V23 Pro,6.56,4300,8,171.0,128,True,False,183.48,0
vivo iQOO 9 Pro,6.78,4700,8,204.0,256,True,True,260.0,0
vivo V23 5G,6.44,4200,8,179.0,128,True,False,150.0,4
vivo iQOO 9 (China),6.78,4700,8,206.0,128,True,False,230.0,0
11i HyperCharge 5G,6.67,4500,8,204.0,128,True,True,300.0,0
11i,6.67,5160,8,207.0,128,True,True,262.788,7
9i,6.6,5000,6,190.0,64,False,False,144.99,7
Magic V,7.9,4750,12,288.0,256,True,True,1400.0,2
A36,6.56,5000,8,185.0,128,False,False,190.0,7
vivo Y33t,6.58,5000,8,182.0,128,False,False,190.0,7
10 Pro,6.7,5000,8,201.0,128,True,True,439.94,7
A96 (China),6.43,4500,8,171.0,128,False,False,140.0,0
vivo Y21e,6.51,5000,3,182.0,64,False,False,390.0,7
Reno6 Lite,6.43,5000,6,175.0,128,False,False,220.0,7
vivo Y55 5G,6.58,5000,6,187.0,128,False,False,424.15,7
vivo Y21a,6.51,5000,4,182.0,64,False,False,430.0,7
Redmi Note 11,6.43,5000,6,179.0,64,False,False,146.99,7
Redmi Note 11S,6.43,5000,8,179.0,64,False,False,184.9,7
Redmi Note 11 Pro,6.67,5000,8,202.0,64,False,False,222.64,7
Redmi Note 11 Pro 5G,6.67,5000,8,202.0,64,False,False,233.22,7
vivo Y75 5G,6.58,5000,8,187.0,128,False,False,393.42,7
Reno7 5G,6.43,4500,8,173.0,128,True,False,280.0,0
60 SE,6.67,4300,8,175.0,128,False,False,300.0,0
Galaxy S22 Ultra 5G,6.8,5000,8,228.0,128,True,True,825.0,2
Galaxy S22 5G,6.1,3700,8,167.0,128,True,True,564.98,4
vivo T1 5G,6.58,5000,8,187.0,128,False,False,250.0,7
Galaxy S22+ 5G,6.6,4500,8,195.0,128,True,True,749.9,0
C35,6.6,5000,6,189.0,64,False,False,153.5,7
K14 Plus,6.5,5000,4,198.0,64,False,False,200.0,7
Redmi 10 2022,6.5,5000,6,181.0,64,False,False,128.89,7
9 Pro,6.6,5000,8,195.0,128,False,False,237.28,7
9 Pro+,6.4,4500,8,182.0,128,True,True,621.99,0
Redmi K50 Gaming,6.67,4700,8,210.0,128,True,True,460.0,0
A76,6.56,5000,6,189.0,128,False,False,380.0,7
Nord CE 2 5G,6.43,4500,8,173.0,128,True,False,319.0,0
vivo iQOO 9 SE,6.62,4500,8,199.0,128,True,True,270.0,0
vivo iQOO 9,6.56,4350,8,200.0,128,True,True,180.0,0
Find X5,6.55,4800,8,196.0,128,True,True,174.99,7
Find X5 Pro,6.7,5000,8,218.0,256,True,True,299.0,7
Narzo 50,6.6,5000,6,194.0,64,False,False,509.0,7
Find X5 Lite,6.43,4500,8,173.0,256,True,False,335.988,0
Magic4,6.81,4800,8,199.0,128,True,True,900.0,2
Poco M4 Pro,6.43,5000,8,179.0,64,False,False,267.15,7
Poco X4 Pro 5G,6.67,5000,8,205.0,64,False,False,315.87,7
Magic4 Pro,6.81,4600,8,209.0,256,True,True,955.0,2
Legion Y90,6.92,5600,18,252.0,256,True,True,570.0,3
Legion Y700,8.8,6550,8,375.0,128,False,False,360.0,3
vivo Y33s 5G,6.51,5000,8,185.0,128,False,False,630.0,2
Reno7 Z 5G,6.43,4500,8,173.0,128,False,False,464.78,0
Redmi Note 11E,6.58,5000,6,200.0,128,False,False,170.0,7
Redmi Note 11E Pro,6.67,5000,8,202.0,128,False,False,240.0,7
V25,6.6,5000,12,195.0,256,False,False,290.0,7
Galaxy M23,6.6,5000,6,198.0,64,True,False,219.0,7
Galaxy M33,6.6,6000,8,198.0,128,True,False,223.08,3
Galaxy A23,6.6,5000,8,195.0,64,False,False,210.0,7
Galaxy A13,6.6,5000,6,195.0,32,False,False,160.81,7
iPhone SE (2022),4.7,2018,4,144.0,64,True,True,498.0,6
Galaxy F23,6.6,5000,6,198.0,128,True,False,227.88,7
nova 9 SE,6.78,4000,8,191.0,128,False,False,222.61,4
Redmi Note 11 Pro+ 5G (India),6.67,5000,8,202.0,64,False,False,250.0,7
vivo Y01,6.51,5000,3,178.0,32,False,False,400.0,7
9 5G Speed,6.6,5000,8,199.0,128,True,False,240.0,7
9 5G (India),6.5,5000,6,188.0,64,False,False,180.0,7
X8,6.7,4000,6,177.0,128,False,False,162.12,4
A96,6.59,5000,8,191.0,128,False,False,350.0,7
vivo iQOO Z6,6.58,5000,8,185.0,128,False,False,510.0,7
Galaxy A33 5G,6.4,5000,8,186.0,128,True,True,243.71,7
Galaxy A73 5G,6.7,5000,8,181.0,128,True,True,399.5,7
Galaxy A53 5G,6.5,5000,8,189.0,128,True,True,309.4,7
Redmi K50 Pro,6.67,5000,8,201.0,128,True,True,410.0,7
Magic4 Ultimate,6.81,4600,12,242.0,512,True,True,1150.0,2
Redmi K50,6.67,5500,8,201.0,128,True,True,475.0,7
Redmi K40S,6.67,4500,6,195.0,128,True,True,260.0,0
Redmi 10 (India),6.7,6000,6,203.0,64,False,False,116.64,3
Redmi 10C,6.71,5000,4,190.0,64,False,False,108.0,7
A16e,6.52,4230,4,175.0,32,False,False,699.99,0
GT Neo 3,6.7,5000,6,188.0,128,True,True,839.95,2
Narzo 50A Prime,6.6,5000,4,189.0,64,False,False,119.95,7
GT Neo 3 150W,6.7,4500,8,188.0,256,True,True,519.95,0
K10,6.59,5000,8,189.0,128,False,False,120.0,7
Magic4 Lite,6.81,4800,8,189.0,128,False,False,375.0,7
C31,6.5,5000,4,197.0,32,False,False,109.99,7
vivo iQOO U5x,6.51,5000,8,179.0,128,False,False,180.0,7
Redmi 10A,6.53,5000,6,194.0,32,False,False,85.58,7
Redmi Note 11S 5G,6.6,5000,8,195.0,64,False,True,194.99,7
Redmi 10 5G,6.58,5000,6,200.0,64,False,False,159.06,7
Reno7,6.43,4500,8,175.0,128,False,False,234.08,0
X9 5G,6.81,4800,8,189.0,128,False,False,240.0,7
Black Shark 5,6.67,4650,8,218.0,128,True,True,600.0,0
Black Shark 5 RS,6.67,4500,8,220.0,256,True,True,470.0,0
X7,6.74,5000,6,198.0,128,False,False,190.0,7
Black Shark 5 Pro,6.67,4650,8,220.0,128,True,True,720.0,2
X9,6.81,4800,8,189.0,128,False,False,230.0,7
Galaxy S20 FE 2022,6.5,4500,6,190.0,128,True,True,520.0,0
Play6T,6.74,5000,8,198.0,128,False,False,180.0,7
vivo Y21G,6.51,5000,4,182.0,64,False,False,150.0,7
Play6T Pro,6.7,4000,8,175.0,128,False,False,200.0,4
9,6.4,5000,8,178.0,128,False,False,249.96,7
Galaxy M53,6.7,5000,8,176.0,128,True,True,350.0,7
vivo X Fold,8.03,4600,12,311.0,256,True,True,190.0,0
vivo X Note,7.0,5000,8,216.0,256,True,True,140.0,7
F21 Pro,6.43,4500,8,175.0,128,False,False,180.0,0
F21 Pro 5G,6.43,4500,8,173.0,128,False,False,339.0,0
vivo iQOO Neo6 (China),6.62,4700,8,194.0,128,True,False,170.0,0
V23,6.58,5000,8,190.0,256,False,False,240.0,7
Reno7 Lite,6.43,4500,8,173.0,128,False,False,280.0,0
A57,6.56,5000,8,186.0,128,False,False,330.0,7
A55s,6.5,5000,8,186.0,128,False,False,350.0,7
Q5i,6.58,5000,6,187.0,128,False,False,180.0,7
Redmi 10 Power,6.7,6000,8,203.0,128,False,False,149.988,3
nova Y70 Plus,6.75,6000,4,199.0,64,False,False,235.0,3
nova 9 SE 5G,6.78,4000,8,191.0,128,False,False,370.0,4
Q5 Pro,6.62,5000,8,194.0,128,True,True,330.0,7
Q5,6.6,5000,8,195.0,128,False,False,200.0,7
Civi 1S,6.55,4500,8,166.0,128,True,True,330.0,0
Ace,6.7,4500,8,186.0,128,True,True,360.0,0
K10 5G (China),6.59,5000,8,205.0,128,True,False,200.0,7
K10 Pro,6.62,5000,8,199.0,128,True,True,160.0,7
vivo S15e,6.44,4700,8,190.0,128,True,False,1300.0,2
vivo X80,6.78,4500,8,203.0,128,True,True,300.0,0
vivo X80 Pro,6.78,4700,8,215.0,256,True,True,150.0,0
vivo T1 (Snapdragon 778G),6.44,4700,8,180.0,128,False,False,400.0,0
Poco F4 GT,6.67,4700,8,210.0,128,True,True,399.9,0
vivo T1x 4G,6.58,5000,8,182.0,64,False,False,870.0,2
vivo iQOO Z6 44W,6.44,5000,8,182.0,128,False,False,300.0,7
vivo iQOO Z6 Pro,6.44,4700,6,180.0,128,True,True,850.0,2
Nord N20 5G,6.43,4500,6,173.0,128,False,False,164.99,0
Mate Xs 2,7.8,4880,8,255.0,256,True,True,1995.99,2
10R 150W,6.7,4500,12,186.0,256,True,False,340.0,0
10R,6.7,5000,8,186.0,128,True,False,395.988,7
Nord CE 2 Lite 5G,6.59,5000,8,195.0,128,False,False,229.0,7
Poco M4 5G (India),6.58,5000,6,200.0,64,False,False,140.16,7
vivo T1 (Snapdragon 680),6.44,5000,8,182.0,128,False,False,180.0,7
vivo T1 Pro,6.44,4700,8,180.0,128,False,False,250.0,0
vivo iQOO Neo6 SE,6.62,4700,8,190.0,128,True,False,300.0,0
Redmi 10 Prime 2022,6.5,6000,6,192.0,64,False,False,160.0,3
Play 30,6.5,5000,8,194.0,128,False,False,150.0,7
Xperia 1 IV,6.5,5000,12,185.0,256,True,False,889.99,2
Pixel 6a,6.1,4410,6,178.0,128,True,True,285.0,0
Xperia 10 IV,6.0,5000,6,161.0,128,False,False,329.99,7
9 5G,6.6,5000,4,191.0,64,False,False,199.99,7
Ace Racing,6.59,5000,8,205.0,128,True,False,280.0,7
Narzo 50 5G,6.6,5000,6,190.0,64,False,False,299.0,7
Narzo 50 Pro,6.4,5000,8,181.0,128,False,False,233.988,7
vivo S15 Pro,6.56,4500,8,188.0,256,True,False,300.0,0
vivo S15,6.62,4500,8,197.0,128,True,False,190.0,0
Nord 2T,6.43,4500,8,190.0,128,True,False,309.0,0
vivo Y75,6.44,4050,8,172.0,128,False,False,290.0,4
Reno8 Pro+,6.7,4500,8,183.0,256,True,False,350.0,0
Reno8 Pro (China),6.62,4500,8,188.0,128,True,False,360.0,0
Reno8 (China),6.43,4500,8,179.0,128,True,False,290.0,0
vivo Y72t,6.58,6000,8,199.0,128,False,False,380.0,3
Redmi Note 11SE,6.5,5000,8,190.0,128,False,False,150.0,7
Redmi Note 11T Pro,6.6,5080,6,200.0,128,True,True,250.0,7
Redmi Note 11T Pro+,6.6,4400,8,198.0,128,True,True,300.0,0
A57 4G,6.56,5000,4,187.0,64,False,False,420.0,7
Galaxy M13,6.6,5000,4,192.0,64,False,False,144.8,7
70 Pro,6.78,4500,8,192.0,256,True,True,520.0,0
vivo T2x,6.58,6000,8,202.0,128,True,True,480.0,3
70 Pro+,6.78,4500,8,192.0,256,True,True,600.0,0
70,6.67,4800,8,178.0,128,True,True,529.0,7
vivo iQOO Neo 6,6.62,4700,8,190.0,128,True,True,231.6,0
K10 5G,6.56,5000,8,190.0,128,False,False,209.99,7
A77,6.56,5000,6,190.0,64,False,False,520.0,7
Galaxy A13 (SM-A137),6.6,5000,4,195.0,32,False,False,188.0,7
Reno8 Lite,6.43,4500,8,173.0,128,False,False,169.99,0
Poco C40,6.71,6000,4,204.0,32,False,False,89.99,3
GT Neo 3T,6.62,5000,8,194.0,128,True,True,514.5,7
V20,6.5,5000,8,184.0,64,False,False,160.0,7
C30,6.5,5000,4,182.0,32,False,False,87.48,7
Narzo 50i Prime,6.5,5000,4,182.0,32,False,False,120.0,7
Galaxy F13,6.6,6000,4,207.0,64,False,False,119.988,3
Poco F4,6.67,4500,8,195.0,128,True,True,398.99,0
Poco X4 GT,6.6,5080,8,200.0,128,True,True,380.42,7
nova Y90,6.7,5000,8,195.0,128,False,False,219.0,7
Galaxy Xcover6 Pro,6.6,4050,6,235.0,128,True,False,425.5,4
vivo Y55,6.44,5000,8,182.0,128,False,False,559.99,7
vivo Y77,6.58,5000,8,194.0,128,False,False,200.0,7
12S Ultra,6.73,4860,8,225.0,256,True,True,749.0,2
12 Pro (Dimensity),6.73,5160,8,201.0,128,True,True,570.0,7
12S Pro,6.73,4600,8,203.0,128,True,True,670.0,0
12S,6.28,4500,8,179.0,128,True,True,570.0,0
vivo Y77 (China),6.64,4500,6,194.0,128,False,False,220.0,0
12 Lite,6.55,4300,8,173.0,128,True,False,307.72,0
A97,6.6,5000,12,188.0,256,False,False,270.0,7
GT2 Explorer Master,6.7,5000,8,195.0,256,True,True,500.0,7
X40i,6.7,4000,8,175.0,128,False,False,240.0,4
Galaxy M13 (India),6.6,6000,6,207.0,64,False,False,131.988,3
Galaxy M13 5G,6.5,5000,6,195.0,64,False,False,207.05,7
Reno8 Pro,6.7,4500,8,183.0,256,True,True,310.0,0
Reno8,6.4,4500,8,179.0,128,True,False,339.0,0
vivo iQOO 10 Pro,6.78,4700,8,215.0,256,True,True,190.0,0
vivo iQOO 10,6.78,4700,8,206.0,128,True,False,360.0,0
vivo T1x (India),6.58,5000,6,182.0,64,False,False,300.0,7
Redmi K50i,6.6,5080,8,200.0,128,True,True,320.0,7
vivo Y30 5G,6.51,5000,6,193.0,128,False,False,580.0,7
X8 5G,6.5,5000,6,194.0,128,False,False,445.0,7
vivo Y02s,6.51,5000,3,182.0,32,False,False,150.0,7
vivo iQOO 9T,6.78,4700,8,206.0,128,True,True,870.0,2
A77 4G,6.56,5000,4,187.0,64,False,False,395.0,7
10T,6.7,4800,8,204.0,128,True,True,329.99,7
Reno8 Z,6.43,4500,8,181.0,128,False,False,999.0,5
Nord N20 SE,6.56,5000,4,187.0,64,False,False,119.0,7
Galaxy A23 5G,6.6,5000,8,197.0,64,False,False,210.0,7
Ace Pro,6.7,4800,16,203.0,256,True,True,500.0,7
Galaxy Z Fold4,7.6,4400,12,263.0,256,True,True,1179.0,5
Galaxy Z Flip4,6.7,3700,8,187.0,128,True,True,691.27,4
Mix Fold 2,8.02,4500,12,262.0,256,True,True,1300.0,5
Redmi K50 Ultra,6.67,5000,8,202.0,128,True,True,430.0,7
vivo Y77e,6.58,5000,8,194.0,128,False,False,230.0,7
vivo Y35,6.58,5000,8,188.0,64,False,False,600.0,7
Poco M4 5G,6.58,5000,6,200.0,64,False,False,179.0,7
vivo V25 Pro,6.56,4830,8,190.0,128,True,False,250.0,7
Reno8 4G,6.43,4500,8,182.0,256,False,False,200.0,0
vivo V25,6.44,4500,8,186.0,128,True,False,100.0,0
9i 5G,6.6,5000,6,187.0,64,False,False,179.88,7
Legion Y70,6.67,5100,8,209.0,128,True,True,440.0,7
vivo Y22s,6.55,5000,8,192.0,128,False,False,279.0,7
Redmi Note 11 SE (India),6.43,5000,8,178.0,64,True,True,155.88,7
Galaxy A04,6.5,5000,4,192.0,32,False,False,102.0,7
vivo iQOO Z6x,6.58,6000,8,204.0,128,False,False,251.28,3
vivo iQOO Z6 (China),6.64,4500,8,194.0,128,True,True,261.0,0
V23i,6.56,5000,4,185.0,128,False,False,270.0,7
vivo V25e,6.44,4500,8,183.0,128,False,False,250.0,0
A57e,6.56,5000,4,187.0,64,False,False,330.0,7
Galaxy A04s,6.5,5000,4,195.0,32,False,False,118.16,7
A57s,6.56,5000,4,187.0,64,False,False,350.0,7
vivo Y16,6.51,5000,4,184.0,32,False,False,300.0,7
Xperia 5 IV,6.1,5000,8,172.0,128,True,False,704.99,2
Poco M5,6.58,5000,6,201.0,64,False,False,144.0,7
Poco M5 (India),6.58,5000,6,201.0,64,False,False,103.8,7
Poco M5s,6.43,5000,8,178.0,64,True,True,159.9,7
vivo Y22,6.55,5000,6,190.0,64,False,False,180.0,7
C33,6.5,5000,4,187.0,32,False,False,108.072,7
Redmi 11 Prime,6.58,5000,6,201.0,64,False,False,160.0,7
Redmi 11 Prime 5G,6.58,5000,6,200.0,64,False,False,167.988,7
Redmi A1,6.52,5000,3,192.0,32,False,False,78.89,7
iPhone 14 Pro Max,6.7,4323,6,240.0,128,True,True,1213.33,5
vivo Y75s,6.58,5000,8,193.0,256,True,False,250.0,7
iPhone 14 Pro,6.1,3200,6,206.0,128,True,True,1087.84,1
iPhone 14 Plus,6.7,4323,6,203.0,128,True,True,933.0,5
iPhone 14,6.1,3279,6,172.0,128,True,True,816.0,1
C30s,6.5,5000,4,186.0,32,False,False,100.0,7
vivo iQOO Z6 Lite,6.58,5000,6,194.0,64,False,False,160.0,7
X40,6.67,5100,6,172.0,128,False,False,210.0,7
K10x,6.59,5000,6,195.0,128,False,False,180.0,7
vivo Y52t,6.51,5000,8,198.0,128,False,False,270.0,7
X6,6.5,5000,4,194.0,64,False,False,128.75,7
vivo X80 Lite,6.44,4500,8,186.0,256,True,False,131.988,0
Redmi A1+,6.52,5000,3,192.0,32,False,False,90.85,7
vivo X Fold+,8.03,4730,12,311.0,256,True,True,180.0,0
A17,6.56,5000,4,189.0,64,False,False,210.0,7
Civi 2,6.55,4500,8,171.0,128,True,True,350.0,0
vivo Y73t,6.58,6000,8,201.0,128,False,False,200.0,3
Redmi Note 11R,6.58,5000,8,201.0,128,False,False,160.0,7
12T,6.67,5000,8,202.0,128,True,True,439.99,7
12T Pro,6.67,5000,8,205.0,128,True,True,648.0,2
nova 10 SE,6.67,4500,8,184.0,128,False,False,311.87,0
A77s,6.56,5000,8,187.0,128,False,False,149.76,7
Pixel 7,6.3,4355,8,197.0,128,True,True,463.0,0
Pixel 7 Pro,6.7,5000,8,212.0,128,True,True,670.0,2
Play6C,6.5,5000,8,194.0,128,False,False,150.0,7
X40 GT,6.81,4800,8,199.0,256,True,False,300.0,7
A17k,6.56,5000,3,189.0,64,False,False,220.0,7
vivo iQOO Neo7 (China),6.78,5000,8,197.0,128,True,False,1450.0,2
Play 40 Plus,6.74,6000,8,196.0,128,False,False,170.0,3
Galaxy A04e,6.5,5000,4,188.0,32,False,False,94.0,7
Nord N300,6.56,5000,4,190.0,64,False,False,230.0,7
Redmi Note 12 Discovery,6.67,4300,8,207.0,256,True,True,380.0,0
Redmi Note 12 Pro,6.67,5000,6,187.0,128,True,True,204.24,7
Redmi Note 12 Pro+,6.67,5000,8,208.0,256,True,True,343.62,7
Redmi Note 12 (China),6.67,5000,8,188.0,128,False,True,190.0,7
Redmi Note 12,6.67,5000,8,188.0,128,False,False,199.0,7
nova Y61,6.52,5000,6,188.0,64,False,False,189.3,7
A58,6.56,5000,8,188.0,128,False,False,130.0,7
10,6.4,5000,8,178.0,64,False,False,139.8,7
10 5G,6.6,5000,8,191.0,128,False,False,180.0,7
A1 Pro,6.7,4800,8,171.0,128,False,False,230.0,7
10 Pro+,6.7,5000,6,173.0,128,True,True,205.5,7
vivo V21s,6.44,4000,8,176.0,128,True,True,200.0,4
10 Pro,6.72,5000,8,190.0,128,False,False,187.0,7
vivo X90,6.78,4810,8,196.0,128,True,True,380.0,7
vivo X90 Pro+,6.78,4700,12,221.0,256,True,True,630.0,0
vivo X90 Pro,6.78,4870,8,214.0,256,True,True,360.0,7
Magic Vs,7.9,5000,8,261.0,256,True,True,1379.99,2
Magic Vs Ultimate,7.9,5000,16,265.0,512,True,True,1500.0,2
80 SE,6.67,4600,8,175.0,256,True,True,370.0,0
80 Pro,6.78,4800,8,188.0,256,True,True,419.99,7
80,6.67,4800,8,180.0,256,True,True,370.0,7
Reno9,6.7,4500,8,174.0,256,True,False,260.0,0
Reno9 Pro,6.7,4500,16,174.0,256,True,False,600.0,0
Reno9 Pro+,6.7,4700,16,192.0,256,True,True,470.0,0
vivo Y02,6.51,5000,3,186.0,32,False,False,1019.0,2
vivo iQOO 11,6.78,5000,8,205.0,128,True,True,90.0,7
vivo iQOO Neo7 SE,6.78,5000,8,193.0,128,True,False,1030.0,2
vivo iQOO 11 Pro,6.78,4700,8,210.0,256,True,True,300.0,0
vivo Y35 5G,6.51,5000,8,186.0,128,False,False,659.988,2
Galaxy M04,6.5,5000,4,188.0,64,False,False,101.988,7
13,6.36,4500,8,185.0,128,True,True,929.0,5
13 Pro,6.73,4820,8,210.0,128,True,True,1191.87,2
A58x,6.56,5000,8,186.0,128,False,False,740.0,2
Find N2 Flip,6.8,4300,8,191.0,256,True,True,1100.0,5
Find N2,7.1,4520,16,233.0,256,True,True,180.0,0
10s,6.6,5000,8,191.0,128,False,False,150.0,7
vivo S16,6.78,4600,8,182.0,128,True,False,160.0,0
vivo S16 Pro,6.78,4600,8,182.0,256,True,False,280.0,0
vivo S16e,6.62,4600,8,187.0,128,True,False,800.0,2
80 GT,6.67,4800,16,187.0,256,True,True,450.0,7
Redmi Note 12 Pro Speed,6.67,5000,6,181.0,128,True,True,230.0,7
Redmi K60 Pro,6.67,5000,8,201.0,128,True,True,460.0,7
Redmi K60E,6.67,5500,8,202.0,128,True,True,300.0,7
Redmi K60,6.67,5500,8,199.0,128,True,True,350.0,7
vivo iQOO Neo7 Racing,6.78,5000,8,197.0,256,True,False,340.0,7
Redmi 12C,6.71,5000,6,192.0,32,False,False,94.75,7
Poco C50,6.52,5000,3,192.0,32,False,False,80.0,7
11,6.7,5000,8,205.0,128,True,True,619.0,7
Galaxy A14 5G,6.6,5000,8,202.0,64,False,False,179.0,7
Galaxy F04,6.5,5000,4,188.0,64,False,False,97.08,7
X9a,6.67,5100,8,175.0,128,False,False,260.0,7
X7a,6.75,6000,6,196.0,128,False,False,309.0,3
A56s,6.56,5000,8,186.0,128,False,False,1079.99,2
80 Pro Flat,6.67,4800,12,186.0,256,True,True,450.0,7
A78,6.56,5000,8,188.0,128,False,False,150.0,7
vivo Y55s (2023),6.58,5000,6,187.0,128,False,False,400.0,7
X5,6.5,5000,2,193.0,32,False,False,90.0,7
Galaxy S23 Ultra,6.8,5000,8,234.0,256,True,True,1126.73,2
Galaxy S23+,6.6,4700,8,196.0,256,True,True,1039.0,2
Galaxy S23,6.1,3900,8,168.0,128,True,True,706.5,4
Reno8 T 5G,6.7,4800,8,171.0,128,False,False,230.0,7
Reno8 T,6.43,5000,8,180.0,128,False,False,340.0,7
Poco X5,6.67,5000,8,189.0,128,False,False,206.0,7
Poco X5 Pro,6.67,5000,8,181.0,128,True,False,259.0,7
Ace 2,6.74,5000,16,204.0,256,True,True,390.0,7
11R,6.74,5000,8,204.0,128,True,True,479.988,7
X8a,6.7,4500,8,179.0,128,False,False,189.0,0
GT Neo 5 240W,6.74,4600,16,199.0,256,True,True,440.0,0
GT Neo 5,6.74,5000,8,199.0,256,True,True,340.0,7
V30,6.5,5000,8,186.0,128,False,False,150.0,7
Magic5 Lite,6.67,5100,8,175.0,128,False,False,309.0,7
vivo Y100,6.38,4500,8,181.0,128,True,False,250.0,0
vivo iQOO Neo 7,6.78,5000,8,193.0,128,True,False,380.0,7
vivo Y56,6.58,5000,8,184.0,128,False,False,335.988,7
Poco C55,6.71,5000,6,192.0,64,False,False,94.2,7
13 Lite,6.55,4500,8,171.0,128,True,True,394.49,0
Magic5,6.73,5100,12,191.0,256,True,True,900.0,2
Magic5 Pro,6.81,5100,8,219.0,256,True,True,1027.0,2
GT3,6.74,4600,8,199.0,128,True,True,630.0,0
Galaxy A14,6.6,5000,6,201.0,64,False,False,130.27,7
vivo V27e,6.62,4600,8,185.0,128,True,True,287.988,0
vivo V27,6.78,4600,8,180.0,128,True,True,219.852,0
vivo V27 Pro,6.78,4600,8,182.0,128,True,True,270.0,0
Redmi Note 12 Pro 4G,6.67,5000,8,201.0,128,True,True,207.6,7
Redmi Note 12S,6.43,5000,8,176.0,64,False,False,186.54,7
Magic5 Ultimate,6.81,5450,16,217.0,512,True,True,900.0,2
Ace 2V,6.74,5000,16,191.0,256,True,True,310.0,7
C55,6.72,5000,8,189.0,64,False,True,207.99,7
Galaxy M14,6.6,6000,6,206.0,64,False,False,179.88,3
vivo iQOO Z7i,6.51,5000,8,186.0,128,False,False,380.0,7
C33 2023,6.5,5000,4,187.0,64,False,False,131.988,7
Galaxy A34,6.6,5000,8,199.0,128,True,True,280.99,7
Galaxy A54,6.4,5000,8,202.0,128,True,True,359.0,7
vivo iQOO Z7,6.38,4500,8,173.0,128,True,False,180.0,0
vivo iQOO Z7x,6.64,6000,8,205.0,128,False,False,440.0,3
70 Lite,6.5,5000,4,194.0,128,False,False,210.79,7
vivo iQOO Z7 (China),6.64,5000,8,201.0,128,True,False,130.0,7
10T,6.6,5000,8,187.0,128,False,False,200.0,7
Find X6,6.74,4800,16,207.0,256,True,True,299.99,7
Find X6 Pro,6.82,5000,16,216.0,256,True,True,759.0,2
Galaxy M54,6.7,6000,8,199.0,128,True,True,190.0,3
Redmi Note 12 4G,6.67,5000,8,183.0,64,False,False,160.0,7
Redmi A2,6.52,5000,4,192.0,32,False,False,71.37,7
Galaxy F14,6.6,6000,6,206.0,128,False,False,150.0,3
Redmi A2+,6.52,5000,4,192.0,32,False,False,95.99,7
Redmi Note 12 Turbo,6.67,5000,8,181.0,256,True,True,270.0,7
Play7T,6.74,6000,8,196.0,128,False,False,150.0,3
Play7T Pro,6.7,4000,8,175.0,128,False,False,200.0,4
A1x,6.56,5000,8,186.0,128,False,False,820.0,2
vivo Y11 (2023),6.51,5000,6,186.0,128,False,False,200.0,7
vivo Y02A,6.51,5000,3,186.0,32,False,False,220.0,7
GT Neo5 SE,6.74,5500,8,193.0,256,True,False,270.0,7
A1,6.72,5000,8,191.0,256,False,False,180.0,7
Nord CE 3 Lite,6.72,5000,8,195.0,128,False,False,229.0,7
Poco C51,6.52,5000,4,192.0,64,False,False,82.656,7
vivo T2 (India),6.38,4500,8,172.0,128,False,False,120.0,0
vivo T2x (India),6.58,5000,8,184.0,128,False,False,110.0,7
Narzo N55,6.72,5000,8,189.0,64,False,True,131.988,7
13 Ultra,6.73,5000,16,227.0,256,True,True,899.0,2
Galaxy A24 4G,6.5,5000,8,195.0,128,False,False,176.0,7
vivo X Fold2,8.03,4800,12,279.0,256,True,True,227.988,7
vivo X Flip,6.74,4400,12,198.0,256,True,True,167.68800000000002,0
vivo Y78+,6.78,5000,8,177.0,128,False,False,800.0,2
nova 11i,6.8,5000,8,193.0,128,False,False,279.0,7
Poco F5 Pro,6.67,5160,8,204.0,256,True,True,529.9,7
A98,6.72,5000,8,192.0,256,False,False,270.0,7
nova Y71,6.75,6000,8,199.0,128,False,False,190.0,3
Poco F5,6.67,5000,8,181.0,256,True,False,400.99,7
Pixel 7a,6.1,4385,8,193.0,128,True,True,394.0,0
Pixel Fold,7.6,4821,12,283.0,256,True,True,1750.0,2
11,6.43,5000,8,182.0,128,False,False,240.0,7
vivo Y78 (China),6.64,5000,8,190.0,128,False,False,1330.0,2
11 Pro+,6.7,5000,8,183.0,256,True,True,486.3,7
11 Pro,6.7,5000,8,183.0,128,True,True,329.9,7
Xperia 1 V,6.5,5000,12,187.0,256,True,False,1079.0,2
Xperia 10 V,6.1,5000,8,159.0,128,False,False,378.0,7
F23,6.72,5000,8,192.0,256,False,False,290.0,7
Narzo N53,6.74,5000,6,182.0,64,False,False,100.0,7
vivo iQOO Z7s,6.38,4500,8,172.0,128,False,False,210.0,0
vivo iQOO Neo8 Pro,6.78,5000,16,192.0,256,True,True,220.0,7
vivo iQOO Neo8,6.78,5000,16,192.0,256,True,True,180.0,7
nova Y91,6.95,7000,8,214.0,128,False,False,280.0,3
vivo S17e,6.78,4600,8,178.0,128,True,False,330.0,0
Reno10 Pro (China),6.74,4600,16,186.0,256,True,False,330.0,0
Reno10 Pro+,6.74,4700,16,194.0,256,True,True,520.0,0
Reno10 (China),6.7,4600,8,180.0,256,True,True,270.0,0
Civi 3,6.55,4500,16,174.0,256,True,True,330.0,0
K11x,6.72,5000,8,195.0,128,False,False,899.0,2
vivo Y36,6.64,5000,8,202.0,128,False,False,360.0,7
vivo Y36 5G,6.64,5000,8,190.0,256,False,False,200.0,7
90,6.7,5000,8,183.0,256,True,True,392.79,7
90 Pro,6.78,5000,16,192.0,256,True,True,440.0,7
Redmi Note 12T Pro,6.6,5080,8,200.0,128,True,True,340.0,7
vivo Y78,6.78,5000,8,177.0,256,False,False,430.0,7
vivo Y35+,6.64,5000,8,190.0,128,False,False,280.0,7
C53,6.74,5000,6,182.0,128,False,False,179.9,7
vivo S17,6.78,4600,8,186.0,256,True,False,400.0,0
vivo S17 Pro,6.78,4600,8,188.0,256,True,False,330.0,0
vivo S17t,6.78,4600,12,186.0,512,True,False,240.0,0
vivo V29 Lite,6.78,5000,8,177.0,128,False,False,410.0,7
Galaxy F54,6.7,6000,8,199.0,256,True,True,380.28,3
Nord N30,6.72,5000,8,195.0,128,False,False,299.99,7
Redmi 12,6.79,5000,8,198.0,128,False,False,134.0,7
90 Lite,6.7,4500,8,179.0,256,False,False,199.0,0
vivo Y36 (India),6.64,5000,8,202.0,128,False,False,220.0,7
Redmi Note 12R Pro,6.67,5000,12,188.0,256,False,True,220.0,7
vivo X90s,6.78,4810,8,197.0,256,True,True,191.988,7
Redmi Note 12R,6.79,5000,8,199.0,128,False,False,150.0,7
Galaxy M34 5G,6.5,6000,8,208.0,128,True,False,227.988,3
vivo iQOO 11S,6.78,4700,16,207.0,256,True,True,419.988,0
vivo iQOO Neo 7 Pro,6.78,5000,8,197.0,128,True,False,510.0,7
Play 40,6.56,5200,8,188.0,128,False,False,180.0,7
X50i,6.7,4500,8,179.0,256,False,False,180.0,0
Nord 3,6.74,5000,8,193.0,128,True,True,429.0,7
Nord CE3,6.7,5000,8,184.0,128,True,False,323.988,7
X50,6.78,5800,8,185.0,128,True,False,180.0,3
Narzo 60,6.43,5000,8,182.0,128,False,False,215.988,7
Narzo 60 Pro,6.7,5000,8,185.0,128,True,False,287.988,7
Reno10 Pro,6.7,4600,12,185.0,256,True,False,479.0,0
Reno10,6.7,5000,8,185.0,128,True,False,200.0,7
A78 4G,6.43,5000,8,180.0,128,False,False,250.0,7
vivo Y02t,6.51,5000,4,186.0,64,False,False,500.0,7
Magic V2,7.92,5000,16,231.0,256,True,True,1130.0,2
C53 (India),6.74,5000,6,186.0,64,False,False,110.0,7
vivo Y27,6.64,5000,6,190.0,128,False,False,140.0,7
Legion Y700 (2023),8.8,6550,16,350.0,256,False,False,300.0,3
C51,6.74,5000,4,186.0,64,False,False,150.0,7
K11,6.7,5000,8,184.0,256,True,False,759.0,2
A58 4G,6.72,5000,6,192.0,128,False,False,150.0,7
Galaxy Z Flip5,6.7,3700,8,187.0,256,True,True,899.0,5
Galaxy Z Fold5,7.6,4400,12,253.0,256,True,True,1498.2,5
X6a,6.56,5200,4,188.0,128,False,False,150.0,7
11 5G,6.72,5000,8,190.0,128,False,False,296.0,7
11 4G,6.4,5000,8,178.0,128,False,False,280.0,7
Redmi 12 5G,6.79,5000,8,199.0,128,False,False,120.0,7
Poco M6 Pro,6.79,5000,6,199.0,64,False,False,135.48,7
Galaxy F34,6.5,6000,8,208.0,128,True,False,210.0,3
Mix Fold 3,8.03,4800,16,255.0,256,True,True,1150.0,2
Redmi K60 Ultra,6.67,5000,24,204.0,256,True,True,330.0,7
Ace 2 Pro,6.74,5000,24,210.0,256,True,True,380.0,7
vivo Y77t,6.64,5000,8,190.0,256,False,False,170.0,7
11x,6.72,5000,8,190.0,128,False,False,182.88,7
GT5,6.74,5240,16,205.0,256,True,True,380.0,7
GT5 240W,6.74,4600,24,205.0,1,True,True,470.0,0
vivo iQOO Z7 Pro,6.78,4600,8,175.0,128,True,False,287.988,0
